award_fact_id,winner_artist_id,winner_track_id,grammy_event_id
1,995.0,,4
2,27586.0,,4
3,3114.0,,4
4,512.0,,4
5,3604.0,,4
6,16322.0,,4
7,15870.0,,10
8,7983.0,,13
9,24869.0,,18
10,29889.0,,21
11,20884.0,,21
12,2519.0,,27
13,4165.0,,39
14,25892.0,,42
15,3576.0,,54
16,14474.0,,70
17,15692.0,,70
18,28436.0,,70
19,259.0,,88
20,9167.0,,105
21,2030.0,,154
22,2266.0,,172
23,4046.0,,256
24,19338.0,,257
25,7616.0,,262
26,21838.0,,265
27,26741.0,,330
28,852.0,,340
29,13599.0,,357
30,21023.0,,371
31,12999.0,,378
32,12241.0,,390
33,2700.0,,423
34,22046.0,,435
35,5821.0,,441
36,2689.0,,472
37,3880.0,,481
38,10461.0,,490
39,21167.0,,519
40,2030.0,,570
41,25927.0,,588
42,27621.0,,613
43,13172.0,,619
44,9195.0,,623
45,15692.0,,651
46,5294.0,,669
47,5294.0,,681
48,5179.0,,756
49,21402.0,,766
50,11743.0,,804
51,2187.0,,964
52,9195.0,,975
53,2819.0,,1074
54,18265.0,,1102
55,14661.0,,1163
56,2343.0,,1165
57,6069.0,,1184
58,21408.0,,1204
59,11294.0,,1237
60,2420.0,,1292
61,28149.0,,1375
62,14425.0,,1401
63,10807.0,,1402
64,21408.0,,1403
65,12509.0,,1448
66,22639.0,,1472
67,2541.0,,1507
68,805.0,,1522
69,47.0,,1551
70,21094.0,,1585
71,475.0,,1612
72,17200.0,,1638
73,12241.0,,1650
74,645.0,,1658
75,373.0,,1716
76,15333.0,,1737
77,16036.0,,1745
78,11438.0,,1835
79,11630.0,,1897
80,4372.0,,1916
81,8313.0,,1920
82,2519.0,,1959
83,3150.0,,2070
84,9296.0,,2156
85,15409.0,,2180
86,28703.0,,2198
87,7136.0,,2213
88,527.0,,2222
89,14970.0,,2241
90,9472.0,,2244
91,10154.0,,2252
92,15409.0,,2269
93,7983.0,,2319
94,5966.0,,2320
95,8487.0,,2324
96,17465.0,,2340
97,15409.0,,2358
98,7136.0,,2375
99,7496.0,,2412
100,2016.0,,2434
101,19069.0,,2439
102,1136.0,,2462
103,10950.0,,2500
104,19382.0,,2526
105,4919.0,,2630
106,19382.0,,2681
107,5922.0,,2699
108,14561.0,,2758
109,15088.0,,2851
110,1334.0,,2878
111,3416.0,,2888
112,12349.0,,3010
113,8299.0,,3066
114,13051.0,,3074
115,27090.0,,3095
116,13052.0,,3097
117,6813.0,,3137
118,4561.0,,3157
119,1863.0,,3158
120,16839.0,,3176
121,19382.0,,3189
122,10825.0,,3204
123,10701.0,,3213
124,3428.0,,3243
125,14350.0,,3319
126,26062.0,,3333
127,14561.0,,3380
128,24634.0,,3392
129,24634.0,,3394
130,15368.0,,3395
131,3150.0,,3542
132,8437.0,,3583
133,10171.0,,3591
134,392.0,,3622
135,5551.0,,3664
136,13407.0,,3759
137,3268.0,,3763
138,16234.0,,3805
139,4970.0,,3812
140,15179.0,,3877
141,5495.0,,3922
142,6220.0,,4124
143,194.0,,4185
144,7766.0,,4214
145,6220.0,,4219
146,17809.0,,4382
147,3922.0,,4396
148,,0iM1Ioz4N4p7MU1DKyqsov,1
149,,154lbtHSyyOt0ao2QwbE4n,1
150,,1IWuiJ7X8zaPmK9NiL0lH6,1
151,,1c8h1SBYY44ys4EuaIZJMn,1
152,,2Fxmhks0bxGSBdJ92vM42m,1
153,,2yNKDG4FgwzQuL0JUEOunR,1
154,,4Vzpf1TmxKmczOiTAfheBs,1
155,,5KJaEu2ZMIt9FMvofqUgmg,1
156,,6DBdYfd4EkR6cUPSqtEwhQ,1
157,,6ocbgoVGwYJhOv1GgI9NsF,1
158,,0b8Sf6sJqXOr9cP6tQ7QQx,1
159,,29bXfCo3mQVzohwPJXohaU,1
160,,5CeJEAymOXlcuTMeV0tGW8,1
161,,5Mf84BbHYdrewDABZOH5H6,1
162,,0F7FA14euOIX8KcbEturGH,1
163,,1utGlAQh8wU3KwibRWIYDN,1
164,,46bFZCQ2U2DMSNUKGzQUyP,1
165,,5djmFvrnR30Tj9Yyj8tOQQ,1
166,,7AvznBJ8YXUMZ8rPTukUAJ,1
167,,0v1yN5C75um5Wx2WPtFl6k,1
168,,0iM1Ioz4N4p7MU1DKyqsov,3
169,,154lbtHSyyOt0ao2QwbE4n,3
170,,1IWuiJ7X8zaPmK9NiL0lH6,3
171,,1c8h1SBYY44ys4EuaIZJMn,3
172,,2Fxmhks0bxGSBdJ92vM42m,3
173,,2yNKDG4FgwzQuL0JUEOunR,3
174,,4Vzpf1TmxKmczOiTAfheBs,3
175,,5KJaEu2ZMIt9FMvofqUgmg,3
176,,6DBdYfd4EkR6cUPSqtEwhQ,3
177,,0XwRlvv3KlOu4HWlOH34XG,3
178,,1dGr1c8CrMLDpV6mPbImSI,3
179,,40u9pTla24PIkyRLKKVh6a,3
180,,4rUQPct3yT97OXelj85R5Q,3
181,,5kBC3lWxOG0393nUcK6lmX,3
182,,6X7pjnNm5dHSUot6hp3KFU,3
183,,00utEhrTFR6V4HEuLh2ncI,3
184,,4eNFKsG45HSE7HP9v2NOW3,3
185,,52J3WARiRHMtXbFXUWrVgu,3
186,,6TeB7j56k4AbELOl3G4zfj,3
187,,7qEHsqek33rTcFNT9PFqLf,3
188,,1utGlAQh8wU3KwibRWIYDN,3
189,,46bFZCQ2U2DMSNUKGzQUyP,3
190,,5djmFvrnR30Tj9Yyj8tOQQ,3
191,,7AvznBJ8YXUMZ8rPTukUAJ,3
192,,1utGlAQh8wU3KwibRWIYDN,5
193,,46bFZCQ2U2DMSNUKGzQUyP,5
194,,5djmFvrnR30Tj9Yyj8tOQQ,5
195,,7AvznBJ8YXUMZ8rPTukUAJ,5
196,,4Get5ZiY8kJAWaqkPhSGb1,5
197,,4SgnNO4hJbZDftfpBrH2Rj,5
198,,6GmhqGy1701ajXJY4ob5WF,5
199,,0iM1Ioz4N4p7MU1DKyqsov,5
200,,154lbtHSyyOt0ao2QwbE4n,5
201,,1IWuiJ7X8zaPmK9NiL0lH6,5
202,,1c8h1SBYY44ys4EuaIZJMn,5
203,,2Fxmhks0bxGSBdJ92vM42m,5
204,,2yNKDG4FgwzQuL0JUEOunR,5
205,,4Vzpf1TmxKmczOiTAfheBs,5
206,,5KJaEu2ZMIt9FMvofqUgmg,5
207,,6DBdYfd4EkR6cUPSqtEwhQ,5
208,,6ocbgoVGwYJhOv1GgI9NsF,5
209,,4vh6Rn6FVG4w79JmlZ5p7d,9
210,,3rCtueI7qBN2kZBZnXuk5K,9
211,,7yfhESjiagb2x1WEWlgpbb,9
212,,0u5K7xSRTLnBkeERwTypzN,9
213,,1DFD5Fotzgn6yYXkYsKiGs,9
214,,3ksIpMf8hNYWAyTiMZJ6Xb,9
215,,4GXnutk4q9KXJUgkGJcc4I,9
216,,4M0ezYulsUFJDrKk9d58y6,9
217,,1V8aPypxFrIk5TSa8E3qM0,9
218,,3Dk2StRqlP3JmXIY4aWyvA,9
219,,3c9IKwzgIPcCweCl9so748,9
220,,5UkM8D1WUBLvnXGRwt2lXI,9
221,,5fnndSCNEnRYozMDZr0gbU,9
222,,6qnULXVFGfFqPj0Hpj0tIG,9
223,,2mIla23uhGqqkdNtzqIg3r,12
224,,2pcwmk8c1pTYwX0COSVX52,12
225,,3AUW4YqukPw4YfBV1ZkkNe,12
226,,3CkjLJYnnyOtGk4Jx4iYS4,12
227,,5SaUkLu1jwrpDjN05blpFV,12
228,,5v8Fxy6Zw8gOzi802lpDOt,12
229,,6Uj1ctrBOjOas8xZXGqKk4,12
230,,2cCWbBmadLbKvr9xddC79R,12
231,,5KA6S4auXremQLoBIsKprz,13
232,,5qD3Qv8Wu3r5uRD0DahcZy,13
233,,1ZJFc8isFWKXtN1BlE20fX,17
234,,348MCvZbnPrsHkxq6w8cif,17
235,,42ifApJktyytpdvgkEy14t,17
236,,6WarP4oMloYg0Z8H8IHeDq,17
237,,6ncsVXsY8FaxpK5yg1eMHI,17
238,,0E5YSgxs1kQqC5vOhQN6B8,18
239,,3Dv1eDb0MEgF93GpLXlucZ,19
240,,46eK1kembooWblMi7M7yLM,19
241,,2inOdpcpLUNsxeKaCbCg1r,22
242,,5HIMWb1gP286Vjpe3MrvhC,22
243,,0sJ4NbFdEhgLOtInlbRmFl,23
244,,1ZozJfi8u9cO2Ob8KwiwNT,23
245,,1hyArQROdqFiYRRRWbHJhW,23
246,,1lZi0ulnmx8lbFucUpMhnF,23
247,,2hbnyNOkpJ1kPyGsdEgXzd,23
248,,39lxs02zC9wpqB0sxufKKI,23
249,,4dX0aZedgPrxyhX4WBNQxP,23
250,,589SiueQ3yldZpKQMBGKk5,23
251,,7HXv3CYaZfL5PVtMAcJsmw,23
252,,7gfFqigmPAHrHt6c84b5cm,23
253,,3FQwvjvKnE3O4YKawVUNpA,23
254,,0rQ5lP1DQ0sxTlZqfbxYNP,24
255,,6hES6A4ZOL8MzYpULEfsoZ,26
256,,0Yu7xTujO7aKsVww6npA95,28
257,,2GN8Femwt83EIwInIuQj33,28
258,,3GJ4hzg4lrGwU51Y3VARbF,28
259,,7LgyKYscgD7wkzsLRRTTpd,28
260,,0LyfNbnOzyPNc8QG8UBkmp,36
261,,5nsFJfYtAFZmL9PbtYKYcA,36
262,,1Umw3vhysHBodpBFpFsVgK,37
263,,1YnLthg0HOs8YTzgN5hVh2,37
264,,4ElNxglBjcrASiGn58t9Jm,37
265,,56F0unhysx1UXxboONkgd9,37
266,,6IA4ksaymdlYSdf3AoiWQb,37
267,,0t9il3sTezdVNFtyItCGsX,45
268,,2MgfxFG6RBfW4ivhwFtYoi,45
269,,0t9il3sTezdVNFtyItCGsX,46
270,,2MgfxFG6RBfW4ivhwFtYoi,46
271,,64Eug7tFE4KWJNQUE73BGe,59
272,,4Get5ZiY8kJAWaqkPhSGb1,61
273,,4SgnNO4hJbZDftfpBrH2Rj,61
274,,6GmhqGy1701ajXJY4ob5WF,61
275,,4Y1igB1GDncJvt7ezbV3cW,61
276,,4BHOr0zMeC7aoJn61EAj4O,63
277,,5cAUbhZcGKn666AZ9oO3RO,63
278,,60S0LkuUyzHzX29KWew1a6,63
279,,5zz9ypkkewsz1sfqntWOn1,63
280,,1r6tGt1nh2xPgeukItAElz,64
281,,5DyBTivjORrpNhJkJj2Ao5,64
282,,2SpEHTbUuebeLkgs9QB7Ue,64
283,,2fSIF8CJhoc9CJhF9vJDXp,64
284,,5fdhThPDe6jQQDqCyWrdAn,64
285,,0cmwFz7G4l7bE6L8x3IqWG,64
286,,2FEry3x8gDr7UJzH69m8q9,64
287,,31KNUC2lCIPdEeR9GSppuG,64
288,,3XZP3HTjGubkTFbGTgQC6O,64
289,,3Y92KuhfETiU7BaAQyVgyi,64
290,,0WBNZ9HEz6QqiDuZ3BCehP,65
291,,2j1r3ubqqxuoTFaPVnTV1j,66
292,,7susTbuAy63MdzO4vY3Emm,83
293,,7x8pIrhMu9FCmqqHNyuH0P,83
294,,3PUIguYpwKFXmfGD6uU7Jl,83
295,,6aIAuKNU8JlVaTmoCYYN6U,83
296,,2tH5sjtfoALFEozeO0hTJj,84
297,,2j1r3ubqqxuoTFaPVnTV1j,84
298,,0NNSpmyyr0I4lrMaXS8Tba,93
299,,2NyaaTM7BOAPQaFRIqdE4c,93
300,,2D3qufqNMZql09F5PH6vfF,102
301,,2JoZzpdeP2G6Csfdq5aLXP,102
302,,6DCZcSspjsKoFjzjrWoCdn,108
303,,0RKdkJ2sJvU4LesmlFTguN,110
304,,0Rz2MaUfMUkWZR6jbhtRkP,110
305,,1PbWcL0h8jVvLDsxKsg6EP,110
306,,1e8OoeGOa2VbOqrBhYDliJ,110
307,,30VHURM5NOfoZmqp2iKawS,110
308,,38nSpCQCOiuwXOfVy07bGj,110
309,,6mCljAhAwsKTCsdaA0tIYF,110
310,,6qkj3pujFNHmkPHO529vkC,110
311,,7eQHxigpuDJjCG50JyzU8v,110
312,,0JwhT2vTrFK4eFlX5ecTdf,120
313,,4cqiLvFRDuV8ClE61eMmZx,120
314,,6Up545NUflOiXo8cEraH49,121
315,,18k8IlS52uxRWObykDUZFG,129
316,,18k8IlS52uxRWObykDUZFG,130
317,,0Z2NiMOKlPxBNjecKIn0It,145
318,,2VxeLyX666F8uXCJ0dZF8B,145
319,,2WQRPsMOrbeqms7JgmmVv3,145
320,,2WihaIEZnX9dNRinCebwUj,145
321,,6yyMx2bMYGS9jVfqc6G5Ay,145
322,,5fIdzVg7mNYqTNsXp91qym,147
323,,4vD9Wlh2VV52kFjt5rtHFz,169
324,,0KKkJNfGyhkQ5aFogxQAPU,171
325,,571K2H9m407zXaFXnpoas1,173
326,,7qiZfU4dY1lWllzX7mPBI3,173
327,,5zb7npjQqoJ7Kcpq4yD9qn,180
328,,0VLaaS481wSlMnf6UEQnJM,182
329,,0cFIq4boiMcIG7viSDiU5u,182
330,,0yjxW8s0Uuk9uKi0Nh9B7T,182
331,,1wLQwg0mloy3yXjL0jPE0N,182
332,,1wvs9V8xEJStRzx78lSNJK,182
333,,20Qqyt4bd1oe4KmkTagb2K,182
334,,2C7PtVuG50IBrcUlTZ13ZG,182
335,,2UbVnbE5FH6008mAm6Mmgw,182
336,,3G1aAxWS2Nd17FQs4PWV6X,182
337,,3HxX5qcaz2phmsJVPskugD,182
338,,3tjC9XdMwEF8KW82F6rV6f,182
339,,423bvgQOTSKshdn6Yhr9SX,182
340,,4hrAKlxfblnG7llBEEX7TR,182
341,,5Y3KCJ2J34Y3nHeNDCxfSI,182
342,,6KL88T4Ma4ABXqzgUoEwkd,182
343,,7Ay1JeXkSBpZRMB6dYHc3k,182
344,,7bQBXiL4dGxZNN6lLSjgP6,182
345,,7xoDqnyrBDgusvQ1AHoOSx,182
346,,7yUukIX492jvLR85xYQkvc,182
347,,0KKkJNfGyhkQ5aFogxQAPU,185
348,,0KKkJNfGyhkQ5aFogxQAPU,187
349,,0aLrHZKT7pcszo0e5SiMIG,190
350,,7KXjTSCq5nL1LoYtL7XAwS,190
351,,0aLrHZKT7pcszo0e5SiMIG,192
352,,7KXjTSCq5nL1LoYtL7XAwS,192
353,,7dlCAK8HdnI6UGHqZkfvJT,196
354,,4EiKZxDgW0sbT8BZ9Gl6dC,205
355,,5XCtjnFMKtCT7ycDwV3Kdh,205
356,,6rHJao2szlpRaFS2rg2NbV,227
357,,6rHJao2szlpRaFS2rg2NbV,228
358,,1ERshJBUZysordGDZr5B3t,229
359,,3ZUdr5glJJ9FWxDeE5kXIo,229
360,,4XNNf7EtykRU3gCVsnvssV,229
361,,5vUVe1o9MvB6161zjXlMxc,229
362,,56nRf5DNZU85oNG2QWxT1K,250
363,,0aLrHZKT7pcszo0e5SiMIG,251
364,,7KXjTSCq5nL1LoYtL7XAwS,251
365,,0ozqdYQjGNEAtcZnVheEiA,253
366,,1Yk0cQdMLx5RzzFTYwmuld,253
367,,1YrZuuVG0vZWvsahkSx5WC,253
368,,2kNh8bRILldURA7Bw05Nv9,253
369,,3BbBUezZTVqAIzoyyvxDrG,253
370,,41Lve6OfiwXjLUlkjNihU4,253
371,,43djyGEvUsYRphVLkWk6kL,253
372,,5r7CAzBvLfBstuZnhnh24M,253
373,,5s3XtrhzIKNZaiFpt7Gp5W,253
374,,6HMvJcdw6qLsyV1b5x29sa,253
375,,7qwt4xUIqQWCu1DJf96g2k,253
376,,0ozqdYQjGNEAtcZnVheEiA,255
377,,1Yk0cQdMLx5RzzFTYwmuld,255
378,,1YrZuuVG0vZWvsahkSx5WC,255
379,,2kNh8bRILldURA7Bw05Nv9,255
380,,3BbBUezZTVqAIzoyyvxDrG,255
381,,41Lve6OfiwXjLUlkjNihU4,255
382,,43djyGEvUsYRphVLkWk6kL,255
383,,5r7CAzBvLfBstuZnhnh24M,255
384,,5s3XtrhzIKNZaiFpt7Gp5W,255
385,,6HMvJcdw6qLsyV1b5x29sa,255
386,,7qwt4xUIqQWCu1DJf96g2k,255
387,,0ozqdYQjGNEAtcZnVheEiA,257
388,,1Yk0cQdMLx5RzzFTYwmuld,257
389,,1YrZuuVG0vZWvsahkSx5WC,257
390,,2kNh8bRILldURA7Bw05Nv9,257
391,,3BbBUezZTVqAIzoyyvxDrG,257
392,,41Lve6OfiwXjLUlkjNihU4,257
393,,43djyGEvUsYRphVLkWk6kL,257
394,,5r7CAzBvLfBstuZnhnh24M,257
395,,5s3XtrhzIKNZaiFpt7Gp5W,257
396,,6HMvJcdw6qLsyV1b5x29sa,257
397,,7qwt4xUIqQWCu1DJf96g2k,257
398,,1i1fxkWeaMmKEB4T7zqbzK,261
399,,0hJb963pbosuVwVViwGnAZ,265
400,,6sZWP4l2zgHz5qpaTvda9M,265
401,,755jaJqdAQTreuL8MLYT5K,265
402,,0HSqXHUdHUbDjWxYIClohv,270
403,,0Zx5nFm89zrGjSg6dkL3W9,270
404,,0srUf03MHZ4cbOO4o2ydDu,270
405,,2WnzBfryUtpvaP1WC1KJBg,270
406,,2qJkesdHu9sMMVFgkRkqhQ,270
407,,3kfXUGIdBNpyr2gBvU3Guj,270
408,,4W8mrhPqF1xm5OLFfpxcxG,270
409,,4c3GqlxkxTN4isG4ELQYK4,270
410,,4q3PJE85zkind6pucyNq9g,270
411,,6T5i8eCUWZ92HOZtxt58LK,270
412,,6jfXFCZtjFBp75nb95tlg2,270
413,,7FDV5ELOJHCGLe52AnttEd,270
414,,7uv632EkfwYhXoqf8rhYrg,270
415,,5NOYbsVwDVkCYGi89REpF7,274
416,,5k3jdIh7BpJaV1DntDQoSD,274
417,,6cxe7wIuwH7ul9XI7D853w,274
418,,1LM5zQv5pBKPyO7rm7Uz6U,278
419,,0hveAq1VSNWo9MQYGMHvFF,283
420,,5dRdr89xxtkC6f752Rkqrd,283
421,,44TlPRGuVb4qDTWhuq3PDW,315
422,,4q0crFErlOEybi84JzBqTp,315
423,,6CV34A2xO8SOZw4RqSSUOe,315
424,,7aohwSiTDju51QmC54AUba,315
425,,3lAHJBwNwA9Ld884HE7ljH,337
426,,35FdyUxBYDgm1cXCNf23kc,339
427,,4cR4nao0hqqBtklQmGVqbe,339
428,,35FdyUxBYDgm1cXCNf23kc,341
429,,4cR4nao0hqqBtklQmGVqbe,341
430,,5j3iBuHq6vv7VcBo4Y2QrK,349
431,,0zwqkO1MdFPigFIESwdJ5s,358
432,,1PrWkkvjNZUftGptbVeCTF,358
433,,2eRzSochQKj3fYYVFcV1nh,358
434,,3yHH3LPyinYelEnaj15yKb,358
435,,44ahv3Zj4FOJoy8gJLZF9B,358
436,,7i43GnAYDOIKqmWvwBEfAA,358
437,,0zwqkO1MdFPigFIESwdJ5s,360
438,,1PrWkkvjNZUftGptbVeCTF,360
439,,2eRzSochQKj3fYYVFcV1nh,360
440,,3yHH3LPyinYelEnaj15yKb,360
441,,44ahv3Zj4FOJoy8gJLZF9B,360
442,,7i43GnAYDOIKqmWvwBEfAA,360
443,,11qh54D0PKkBwelpDxxiEU,364
444,,1AtwsVXr1zaZf4YgIEOlDK,373
445,,6hypt8VPJxeMXTTcRUHS86,396
446,,21jdyV98aurGa8pu2SCYFL,418
447,,3egSwvRPqL8BaaGkUaxqOc,418
448,,5O7A6fe7HJ5S3CmxKrfjzE,418
449,,3T76zPJz3tWL27FrjJe2ot,431
450,,1j8z4TTjJ1YOdoFEDwJTQa,433
451,,6O5spqMgOR3Hk20NHCAPpC,433
452,,14KYk4234ad6eQ2MhVzyla,441
453,,2FQviMkaoixlgWuGL4u1EO,441
454,,3MmsHzXxADOWJvowwDwUwG,441
455,,454G2UvyFpWTfgBADw8YHV,441
456,,4QYGss1JbmGTxte5nA4JNX,441
457,,6RjDvJCnxjAOOEQ5TiqKLU,441
458,,14KYk4234ad6eQ2MhVzyla,443
459,,2FQviMkaoixlgWuGL4u1EO,443
460,,3MmsHzXxADOWJvowwDwUwG,443
461,,454G2UvyFpWTfgBADw8YHV,443
462,,4QYGss1JbmGTxte5nA4JNX,443
463,,6RjDvJCnxjAOOEQ5TiqKLU,443
464,,0Trgs5CzLfcXagLE62j8AS,445
465,,4DkVMKiU48LNaLTiT0KPCc,477
466,,6lknMmJZALXxx7emwwZWLX,477
467,,02hLeVpizdFbyt7MaZ8aUr,479
468,,0FhO4w1pI55ftgMVj8BlWn,479
469,,0gVbkmFqq5fIkXtJJ3UTfM,479
470,,0wqD6227o06O16rbekHAYZ,479
471,,2d7IETCZDoUUboXVFimOv2,479
472,,39XzVJh1B4VCeXbKYHWDAG,479
473,,3fxThbBnb37RSkDyb7RDaI,479
474,,6r8OnTtDrhKBIIYgzxrnZ1,479
475,,1fRadkuwHEqwMuiY5ns15C,497
476,,1nyDWVPCP46z3SHrgoyGRe,497
477,,4jp4Z02kzzg8gK0NmDGgml,497
478,,7o2G318KZiekaMH0tNEwQB,497
479,,0INUE1K7cEiE8VH63Rv5RJ,501
480,,0cx3DUvLuL7iTJ6aUzAZNx,501
481,,0nlqorVbqYB3haNKIAbajE,501
482,,1qdcYbBhlc9zmbAsKInyNl,501
483,,34OVMKNbZGdYT04LRMx5w9,501
484,,6OIsq9HutnCINDPQqmAjbz,501
485,,6Xodd3wwjgU8FRqIX5fkgH,501
486,,7E8osPOfj1L5OjlMCFC3aD,505
487,,7E8osPOfj1L5OjlMCFC3aD,507
488,,0RL2WXAISzvSDcwnwssLhA,511
489,,0S79nxCc3Ctvs4Rnz4Ohu7,511
490,,0WKDzn96q4kY1Bpd9ExnkX,511
491,,2v8mIirSXpwpVwyBrUzAtT,511
492,,3Wd1EKFFLy7HZeZF7PEIge,511
493,,4qjCPbyCkFsEwHaZu1m6EO,511
494,,5c6lM2zjAF6MFoD8C1hiBr,511
495,,60wwxj6Dd9NJlirf84wr2c,511
496,,7nMYIdyLvE97RYqvmMVwJX,511
497,,2okeBtFNVJ4n33NEV1RxBm,514
498,,5Ks6WjdcWV3FBaNJiYx4IF,514
499,,62yJjFtgkhUrXktIoSjgP2,514
500,,0xmj64EuXxYxGXbpP8M18X,515
501,,3IKJNHnVZ2bXGjAFBJiUYo,515
502,,0ummD95aMfyssMGkd2pV6f,519
503,,6LHXb1sGs72iTmpSr0603b,519
504,,6RBY5ToIdDyhM1JNxEYqhd,519
505,,2XgGdD5d2MW4RNx8KnIjVh,528
506,,3hDSiWsdRj4e6iDV9Pc3tq,528
507,,3xdjjKMcMOFgo1eQrfbogM,528
508,,7nzbdPYlaoVjV42rzBWStH,528
509,,6VObnIkLVruX4UVyxWhlqm,560
510,,77WO0JSWRfhu0ek3Zp2amk,560
511,,6VObnIkLVruX4UVyxWhlqm,561
512,,77WO0JSWRfhu0ek3Zp2amk,561
513,,0Bb9oRoN3suM9iiIwzHtmX,585
514,,100lHmeZbp3OvinYgotmVc,585
515,,6126lbKcz91f4wgSwBF0vG,585
516,,6JBX1drGsMrTE8JrAYYoou,585
517,,1zugfOhn6BebboqGcpUlba,587
518,,72H6a9rO7PrY5CFfe7TIKF,587
519,,4jKod1DGOTaRTe4r498AEW,596
520,,5G1sTBGbZT5o4PNRc75RKI,596
521,,6wGMLoEqD2k3RBXFHD0yUp,596
522,,4jKod1DGOTaRTe4r498AEW,598
523,,5G1sTBGbZT5o4PNRc75RKI,598
524,,6wGMLoEqD2k3RBXFHD0yUp,598
525,,4Rfze8E9xn6DfHDLpoh2m5,601
526,,4Aa5v0LJ8VoJAt68deFiPf,620
527,,4Aa5v0LJ8VoJAt68deFiPf,622
528,,4OSBTYWVwsQhGLF9NHvIbR,666
529,,4OSBTYWVwsQhGLF9NHvIbR,668
530,,3DxdhEcJjs30WFzUgQOVrw,670
531,,3bNv3VuUOKgrf5hu3YcuRo,670
532,,4DMh4qSlqDlquSNEW2nji6,670
533,,6VtoP2sJt5oCmPOQIve2sf,670
534,,1BH3rSiixIJhXe3viUeMAN,677
535,,1NaHqvYJ48wdyQZMkNnUUr,677
536,,41vUI66skZegzFHxwMkk8t,677
537,,6m3Rrv81DPaSPw4azvVUid,677
538,,76Je5Wklky23mVoxiRszcN,677
539,,7fcfNW0XxTWlwVlftzfDOR,677
540,,1BH3rSiixIJhXe3viUeMAN,679
541,,1NaHqvYJ48wdyQZMkNnUUr,679
542,,41vUI66skZegzFHxwMkk8t,679
543,,6m3Rrv81DPaSPw4azvVUid,679
544,,76Je5Wklky23mVoxiRszcN,679
545,,7fcfNW0XxTWlwVlftzfDOR,679
546,,6JRLFiX9NJSoRRKxowlBYr,682
547,,78FzQfooQzB43sGzlpI2At,682
548,,0F7yztNdCbVgf59S7TCx4u,690
549,,0KQRhak4Irr2CKxgQ9U6ay,690
550,,0YMJIeHuCkeZMMo7vaz8u6,690
551,,0yktt2FVBf1uPKzORvlXiv,690
552,,1chnlLONX1BubwxEnL0fln,690
553,,1op5LorZ180RXgHYr3S6PH,690
554,,3AQozzNsKUnxw2GSn0IlRq,690
555,,4e3QW45iOnnFUb8DjjXhE3,690
556,,5I8uxn5rQ90r6ZiXzRx0l9,690
557,,7sbXOV5vynnaeB7KGy0kZ5,690
558,,0F7yztNdCbVgf59S7TCx4u,692
559,,0KQRhak4Irr2CKxgQ9U6ay,692
560,,0YMJIeHuCkeZMMo7vaz8u6,692
561,,0yktt2FVBf1uPKzORvlXiv,692
562,,1chnlLONX1BubwxEnL0fln,692
563,,1op5LorZ180RXgHYr3S6PH,692
564,,3AQozzNsKUnxw2GSn0IlRq,692
565,,4e3QW45iOnnFUb8DjjXhE3,692
566,,5I8uxn5rQ90r6ZiXzRx0l9,692
567,,7sbXOV5vynnaeB7KGy0kZ5,692
568,,0FqT68Su7VQHXDH1WsF7aW,699
569,,3U1Zetk4lrnWIV52PyxVwq,699
570,,0gI1wucmc2djSV3e25LqCd,701
571,,3HGXzTAUD6cCZcgu1820Q5,701
572,,4QpnTJdniesQvZfHfzLTXJ,701
573,,3gL8HwgqxcKM8lhXnYtny2,721
574,,4OSBTYWVwsQhGLF9NHvIbR,742
575,,11EX5yhxr9Ihl3IN1asrfK,744
576,,4W5lqrBjMNk8kNCOIrWv6i,744
577,,4kEzw2gtpxUBfgmhTEwIuE,744
578,,4kd8NJrrfzzPvarSre2yAu,744
579,,6OzRF5Oqmsb1Ec1sMKY4g7,744
580,,7GAaTpSoTWUTbP2Yxlt4Hd,744
581,,11EX5yhxr9Ihl3IN1asrfK,746
582,,4W5lqrBjMNk8kNCOIrWv6i,746
583,,4kEzw2gtpxUBfgmhTEwIuE,746
584,,4kd8NJrrfzzPvarSre2yAu,746
585,,6OzRF5Oqmsb1Ec1sMKY4g7,746
586,,7GAaTpSoTWUTbP2Yxlt4Hd,746
587,,0n3sHHfdOq6Awix3JPe3xl,748
588,,1ncPxe9s9jkoe1HcshDitx,748
589,,368e9ONaoEX3imOKHDZo9X,748
590,,3cjyW2ZlXMf5ZQvGo5dKUO,748
591,,5YiYJnzsbiAAwIJoYCsa03,748
592,,7oBxxv6C5ttINeFHzOVwS4,748
593,,2FSkBDGsqZIxcsnKNgtMLx,749
594,,3LRcDiWeIFSXmBZtyv7sJ4,749
595,,49MHCPzvMLXhRjDantBMVH,749
596,,7BqBn9nzAq8spo5e7cZ0dJ,749
597,,08Wzb4yEK5GVmZ8fn7gJgz,751
598,,0mWGz6hPTPuOK3SaETnqCo,751
599,,1f8NuSrCwwspX74bFiIzmf,751
600,,1i2ctgOjPz5SRdFqMlCmhI,751
601,,4PMZyXssvisK5IxLnnl9r7,751
602,,4qv5viGjmjjn81teIqhkCH,751
603,,5FaYzdpM04uxYklFb5pW9b,751
604,,6YxhbcEdZJfhiwAWI4lRnO,751
605,,716eVtciaJCtTcaknS3QXr,751
606,,1TbuDl6GklIG7zy5fSiNni,752
607,,6NsZucPvDbyARfXLgTpY9u,752
608,,6onxTIB79enhIQPpE00CEm,761
609,,2FGnMGgQ34MFVY23Ck2atR,762
610,,1mMuHPp9RtJlbADIRUYn3l,766
611,,2Pe2uda2pqu1CyK3RqtOAW,766
612,,48KgRMAaYReGuflL8bt6Za,766
613,,7vq5i7XNFT5TUBv6OttBpo,766
614,,1bkY2lxI6Pn0OiEXc3s4IE,770
615,,2MS0zxvLekww0UaDEMuIsE,770
616,,5DUAKXpyv3nL50PnAQbPS0,770
617,,7ap759P66hR9zZ7vzb41n0,770
618,,0LzuGVHfi9UgLLJLfraGd5,771
619,,5LI5DHVYrtMKJQaedaUhTS,771
620,,77YKoNCjP5hWqiXMRG2839,771
621,,7GkCm4wRDhB0WhyOovlLfm,771
622,,7hzfrKYkRfPUIiagwhBtZS,771
623,,7nkp1uuSbKkoxMvEs8cSw0,771
624,,7Ie9W94M7OjPoZVV216Xus,774
625,,7pYVIpuFrH2cDMseplG8Jn,776
626,,7pYVIpuFrH2cDMseplG8Jn,777
627,,11EX5yhxr9Ihl3IN1asrfK,784
628,,4W5lqrBjMNk8kNCOIrWv6i,784
629,,4kEzw2gtpxUBfgmhTEwIuE,784
630,,4kd8NJrrfzzPvarSre2yAu,784
631,,6OzRF5Oqmsb1Ec1sMKY4g7,784
632,,7GAaTpSoTWUTbP2Yxlt4Hd,784
633,,01ioXCMkGpxuKrdEO3TSob,793
634,,2iUMkAjSOs1r8CsrY4G8CQ,793
635,,3A5zeEH2eLW3uMYXoBj9Tq,793
636,,4AJ99UeL45ibxRT7GzMWqS,793
637,,7tnYsRepXLaNhqj4xtcWP2,793
638,,18gCfEcwX5MZrSHmzxQQtc,823
639,,7Gk5Fhjn6vmUXzCtdS1HiK,823
640,,45KqDHTOJtIM53QR1gPGTa,829
641,,0n3sHHfdOq6Awix3JPe3xl,850
642,,1ncPxe9s9jkoe1HcshDitx,850
643,,368e9ONaoEX3imOKHDZo9X,850
644,,3cjyW2ZlXMf5ZQvGo5dKUO,850
645,,5YiYJnzsbiAAwIJoYCsa03,850
646,,7oBxxv6C5ttINeFHzOVwS4,850
647,,0szEtJSwfsTL2gOO7gKICI,852
648,,1QixTwDZCcfBzA7QMyont0,856
649,,2udt4wACN5ooY9ugyH5leQ,856
650,,4ByIhPSLMKHEJVsDNgUAI4,856
651,,4lu6zYkghmAlCnDcgKqJcY,856
652,,5OnLWxxMNmTmXFaT8uRm3m,856
653,,7aRbMRMakm5DeTWSK43sjW,856
654,,0IktbUcnAGrvD03AWnz3Q8,859
655,,2qLMf6TuEC3ruGJg4SMMN6,859
656,,2zIT6D1Li5HgHajsq1iXLc,859
657,,4BaEOfLHGeP9gw5ToeiY7a,859
658,,0BigX1D39KhZC0SmBWawM8,863
659,,1MNnfeAXbz0TO7wt61mKIX,863
660,,24XFlHs0ZBM65KzvSsw4IF,863
661,,24tNhacN8vdN8OqkR7LcNm,863
662,,4FFtbSBa31aw38ld7zW73Z,863
663,,4fRUwxL1tLYQViPssf6eYp,863
664,,4n5JzES2KpFfBNPwvjuawI,863
665,,4yu1RiBHMtza6kPaZSKSYo,863
666,,6dWxyTewMjC84vhto1881v,863
667,,7b0z457p1ONEEAuWRws0vS,863
668,,5YnNWHKCJaJKwbagXDb5Uf,868
669,,4XiDAxr6alWzxm24i2Rt4K,870
670,,5FBf12F4ry9TXoZAvISu6F,870
671,,0szEtJSwfsTL2gOO7gKICI,871
672,,4HURIP867U6Bllu0fa4ypq,877
673,,4Hhv2vrOTy89HFRcjU3QOx,877
674,,7mULdwxJbL0Pl7yvrACd2X,877
675,,2ykXJ9QVwx9Li8nsW0h6b2,933
676,,3XZAvh2NCDQYHgJei35VQ1,933
677,,0Z5ok0QLLttAKsujOZYOXf,965
678,,4YoGMmUJJ9dZpQ2CLOmPl2,965
679,,6wZI4mdT8JwXgkGURnBQiq,966
680,,0oixvwgoGm4wV8go7pK2zJ,975
681,,0xSqHQ5wv80hNkpU50vPc7,975
682,,1eV81a6H4xDdpi8r2C4tQT,975
683,,1s1G7P7dp7M5v8Jo4ZikMT,975
684,,2arir9Fflyqh00LWlOxaym,975
685,,2mFea4DOhY3iShay4BQ0se,975
686,,3DEOsCKFcseZtobrpOH2J7,975
687,,3QMAcZ4WHnBXymXRzvbSht,975
688,,3SktMqZmo3M9zbB7oKMIF7,975
689,,3wBzbRG2OnmKl9jYyR6umu,975
690,,4oa14QBfWRDfJy2agySy0L,975
691,,5DhcUBjJbFk2crXo2CgiKO,975
692,,5qCpcgqwL1Hum85sAQz3W7,975
693,,5tcZPB2Cyj3FdB5nQW2Gog,975
694,,7elWHQx6ONpP4sENVU5c97,975
695,,1xe8rWI6ZToSgKdZ0HMNrO,987
696,,22UDw8rSfLbUsaAGTXQ4Z8,993
697,,3fGpNiwYr981n72YY4DZvB,993
698,,0AKy9Gcrl0g3cQynsvlBM6,1001
699,,0TdWVbcerMAcvljXrl9gpG,1001
700,,0Uon5NsSAkBDx69XYOaQ5P,1001
701,,0aplNhTaXCy9z1mz0QGXfV,1001
702,,0umeqMZWcRshOw5w2E73h8,1001
703,,1TdHueeRrDSNQd7xiK7UUC,1001
704,,1fTAs4YpBA7R21i0iB4j54,1001
705,,1fqGZ9iSWj05tlwFQhN9X0,1001
706,,1xqkbi0rZNNcbGv8r6kK8p,1001
707,,322MlqfR6pPebiDEbLABSD,1001
708,,3tP6QKbXvtrxiDI7QwKyUf,1001
709,,4HGq8ZzrPOtXxNEXN4XGFu,1001
710,,4Xn89qH8uKOumgvAGSvY3U,1001
711,,5JRcDiHOMtl30Bhm8glskp,1001
712,,5NtishSRrPOOySdQ1fAgl1,1001
713,,5QHRON3xuXFOWlXeZU4oVF,1001
714,,60RuroekTM1lWgFp2VIzdm,1001
715,,6GUq9y0Iy5QrAuPYxTrFp2,1001
716,,6rfDtM5aHbsaLGAUxfIgpN,1001
717,,6uBhi9gBXWjanegOb2Phh0,1001
718,,6zYsGB0XlAAsHIm7uSgt0J,1001
719,,78vpAeb6a3bD03scfv71Z8,1001
720,,0tGoMQqkRaXRNDQthAtxZD,1011
721,,2YPzIIHkWLxxFoFAu3DAkL,1011
722,,3mud2NvQpaJ1CnKLD2480P,1011
723,,5kq4cOYBKq6WKyooOwCJzo,1011
724,,6mdFbyuyUxGn0knrqBYEWD,1011
725,,7b3BUvjQ60OPEBhMckyeTh,1011
726,,5txH6topQylTHnb4lZMdQ1,1069
727,,1L5tZi0izXsi5Kk5OJf4W0,1071
728,,3N4DI1vuTSX1tz7fa2NQZw,1071
729,,1L5tZi0izXsi5Kk5OJf4W0,1073
730,,3N4DI1vuTSX1tz7fa2NQZw,1073
731,,1L5tZi0izXsi5Kk5OJf4W0,1075
732,,3N4DI1vuTSX1tz7fa2NQZw,1075
733,,7x8dCjCr0x6x2lXKujYD34,1087
734,,6IwKcFdiRQZOWeYNhUiWIv,1093
735,,6IwKcFdiRQZOWeYNhUiWIv,1098
736,,0VeoSHlgashtg5JYPJjl15,1101
737,,0ilYc7Zx4qAoTxjJAJOGAy,1101
738,,39kRrigwHt5zPjzUPquUZp,1101
739,,3CrsuTJomWZmeXIvKhV45l,1101
740,,4TeLaDmBpXnXtzvlY353yD,1101
741,,571eGmDntJ9yaDXJvLzeLQ,1101
742,,6cEnw857u8QoKNXvphv8W4,1103
743,,7pQJ4WRgIFCIHgrfRwwBSD,1103
744,,07WYO7Aayv3woZrmGeXbwT,1104
745,,07c61lMwYKYywHlpQ3n14P,1104
746,,0XbOtovmj38QDIZFCaJ3KB,1104
747,,1rgoyjAJ9LKTmg9id1KTDf,1104
748,,2cCmvbLleZaXRUinMmRaoY,1104
749,,2dz2ynnOWIWA4V1orUtwIu,1104
750,,3YcFHqSpQLGawYKTIhA3H1,1104
751,,4EWfkpTArMEGK6x1d3MajU,1104
752,,4FqwB59uy3uBxjCnzrTcxk,1104
753,,5sJiLlgQKBL81QCTOkoLB5,1104
754,,6OtCIsQZ64Vs1EbzztvAv4,1104
755,,6iqo0fuep9lT3SKLATVDdp,1104
756,,7ujY3rsQDYlkyhAu4OhE3V,1104
757,,0ZUo4YjG4saFnEJhdWp9Bt,1106
758,,6CZ9Kca2A2fOjaR3uCTVCl,1109
759,,6UXAHCV9ClJgBlJifl4FRK,1109
760,,0ZUo4YjG4saFnEJhdWp9Bt,1111
761,,5I75piAbJshLXw4t2Up8zK,1117
762,,0W4NhJhcqKCqEP2GIpDCDq,1152
763,,0iHvpSHYsp4tSrYlvgEh7l,1152
764,,0raxNoaM7QY6wEDB6inxIB,1152
765,,1bLXL3MPkzfdrK6NC0u0N3,1152
766,,2NiRVgM1SIqilCMRdLea8l,1152
767,,3GoiG5kOIEF1fZxj0Cc6h7,1152
768,,3mDvi0k4LuCA7ViLf3Qb3O,1152
769,,3njNpG8iIjtSnFrnzkLfH4,1152
770,,4MVJvkKhoeLPH3BcssmVpC,1152
771,,4Tni0eZOEBwZ7Dd1Q4izKL,1152
772,,4YFrH7oE7c35mJX3kAQbWb,1152
773,,4eGAu3y6FULGfM8nlgQWop,1152
774,,5D8kHGzGs3UXCipHyxZplO,1152
775,,5L3VoLOjwPv7hPknnmYaeT,1152
776,,5y2cZBC8Mq4TQp2I6Vo0ne,1152
777,,6heynKdZXxOPe4sC6xOpQo,1152
778,,7cZlFUJO4BjedIErzdP6iq,1152
779,,0FkcmHJOsWE80rlpzfT0Pq,1179
780,,5imShWWzwqfAJ9gXFpGAQh,1186
781,,2mIla23uhGqqkdNtzqIg3r,1197
782,,2pcwmk8c1pTYwX0COSVX52,1197
783,,3AUW4YqukPw4YfBV1ZkkNe,1197
784,,3CkjLJYnnyOtGk4Jx4iYS4,1197
785,,5SaUkLu1jwrpDjN05blpFV,1197
786,,5v8Fxy6Zw8gOzi802lpDOt,1197
787,,6Uj1ctrBOjOas8xZXGqKk4,1197
788,,10Nmj3JCNoMeBQ87uw5j8k,1200
789,,09wrW4mdaoBrOFY6KSR94h,1204
790,,10P1Cy36hugYDFTZPCE9Bk,1204
791,,1HXy5I3HTWq8OvxCn0z7G7,1204
792,,1T575AhHueYinKSDflEsGK,1204
793,,1YF2iUHdWnbO3MWI7z5aQf,1204
794,,1lFHaHvZeLf6XrOqX6iLlS,1204
795,,2EKxmYmUdAVXlaHCnnW13o,1204
796,,2dEgwtRjYl6TJkIwjRwn6z,1204
797,,374kqY6VFcdZYtN9FCxJxG,1204
798,,3XcV8CIZVzH2b5hiche9d6,1204
799,,3m4Hf0cD3BCKCT9PD0QAxO,1204
800,,3moGFWSHotNepfDtuonGyG,1204
801,,3v5cS4gKxpJqxUu4wz3DvG,1204
802,,4E2sMWXzxK3uYJerGbeUfp,1204
803,,4Srslh9EEeiJupAPAVGuMx,1204
804,,4ejQlM2w2X2AJqWYcMyNVm,1204
805,,51mkxlKoGL1bAj8uR2gE7d,1204
806,,5M5IB1cNzJqbWFEUK4a1MD,1204
807,,5nnfso5MO99iNnxvNBR5Bs,1204
808,,6ECA4muVp3hMB6jSYQNohb,1204
809,,6p8uRRGziFLcA3QDvWxEPM,1204
810,,6w2q9iV3oJAjcN8cPKNT4a,1204
811,,6zyDXm2DMaWbxguJpWqudR,1204
812,,7Ewz6bJ97vUqk5HdkvguFQ,1204
813,,7kt1SqYH3VbBXv6OCwZdQY,1204
814,,0eG50gK4BJqPRyHAWSZbq9,1207
815,,10tdqQKFhddpkjzxllTVRj,1207
816,,1vxw6aYJls2oq3gW0DujAo,1207
817,,2K31HIB2xqiFz2nlqiz9o2,1207
818,,2zpW5rbFlaURNzeO8Mrm0e,1207
819,,3dSufNX8zV2Dz6vmxcQW2w,1207
820,,3h0tEwAyOCQDa4X8NEcy0Q,1207
821,,5nihLVpUd4birzwDlSp1Ph,1207
822,,5ygXl5iJI59xBS22IEvzVY,1207
823,,6Vz7vzOpCwKeSQlfViibuY,1207
824,,6WaXjTLHn4FWg0AMXvcYtb,1207
825,,6yvANotr5Vy1D1vxLsjZzC,1207
826,,74irxdVWstNlEQjsvArITq,1207
827,,7LrlwTbFCZQnPPzwOwgTNn,1207
828,,1OeB8eBYX6m4yU1l3iwlvh,1213
829,,5Vi0u7cGTcPrXk6ZOoppnp,1213
830,,5cmUebR8MQ1BSBxz2U58RV,1213
831,,6TRljMcCdetlogDSmEsLU9,1213
832,,7lXNPHS4EqOvBfzwcA3ZcK,1213
833,,0Q3SGTVOUX2OnKoFf9nBJg,1217
834,,0qpkkotJY99wDV5jBGdDMn,1217
835,,7cptHgjGLjt1skDmCLhCwW,1220
836,,1QzGOisZyBYdpfHKXk9zLu,1231
837,,6GL0fX7lcTWiWqdCocOLk7,1231
838,,6aM1dvHvOjUSNbWsp3zLdJ,1231
839,,0xDVPc5W2jYqO6p9NisCI4,1260
840,,3pbSo0j9RmC6hBmqsC3kmH,1289
841,,5GorCbAP4aL0EJ16frG2hd,1289
842,,5XfNHn4xs084rmy8Tzz1cz,1289
843,,0d28khcov6AiegSCpG5TuT,1296
844,,4bz7uB4edifWKJXSDxwHcs,1300
845,,0EYOdF5FCkgOJJla8DI2Md,1305
846,,6wqJeItl3Vc3az4ZicSQAB,1306
847,,7caj6X6NMX3tlhWnu1du6V,1311
848,,7caj6X6NMX3tlhWnu1du6V,1316
849,,0HGpVO2aqh9Dadfs90S1mP,1327
850,,18q0I5Mz5TbxMf4cWSKql9,1329
851,,5DBOBP2zmNUXSOzb7Syywd,1339
852,,3425OMM9bb64VMNXXldLvU,1368
853,,4cj43JzCAg1cHFvHy5TJuW,1368
854,,3425OMM9bb64VMNXXldLvU,1369
855,,4cj43JzCAg1cHFvHy5TJuW,1369
856,,3Mfv3VJOhczw1V3zVcQR1P,1371
857,,2SvmLf1WGMevA1POgmsE1j,1373
858,,1uuuDoJo0tH9cUJQ1UPxwB,1375
859,,03vseCqtvVm0uw2oagRzd2,1395
860,,11JjtOYafoXmTiD1NDdF0l,1395
861,,152vVEXwvqA107UFPqb3gG,1395
862,,1Mut1YA6ZxKZ7F6MKsMSQu,1395
863,,2J3JETBGdQdjCOzIRmoeWc,1395
864,,3DcxbqU1IrkTkESSsipM3m,1395
865,,3ZZylGjSiEbOuBe34oYTDQ,1395
866,,6IpdXlQF0cqHk7a8P5wGwE,1395
867,,6iO9zQyoHPm0fnBM66LlwA,1395
868,,7CHi4DtfK4heMlQaudCuHK,1395
869,,1jfW9Ro29uuPlAUfnOqTVw,1397
870,,4nBqoYvDFhmRqZgBuwRAOi,1397
871,,7gb8Psi5Mf6w78jvnAxh5F,1397
872,,5FPnjikbwlDMULCCCa6ZCJ,1399
873,,0jGVEPscW8KmqktoHqv2Pa,1401
874,,3le4ECmJTUNXYLsGjQYSXi,1401
875,,3zMiWxjsnyByaxmPm7Irlf,1401
876,,504BrFbtkCK5GG8U0wb2qb,1401
877,,5x1RPNP8Uydtz23MR0T2UG,1401
878,,6UNwFoIOo6SPYAP6pBRF2h,1401
879,,7vLIj2GVAeYrohv8p0JjF0,1401
880,,7zkLpY72g6lKQbiHDqri1S,1401
881,,5FPnjikbwlDMULCCCa6ZCJ,1402
882,,1jfW9Ro29uuPlAUfnOqTVw,1404
883,,4nBqoYvDFhmRqZgBuwRAOi,1404
884,,7gb8Psi5Mf6w78jvnAxh5F,1404
885,,2CgQ5eYlfzPzuh1OKWaJuB,1408
886,,4faDlXyZMSxEuxBdd5gDIz,1408
887,,5oxioZhKHdASa1PZM65kYT,1408
888,,1ugRmaf5TDDf1fO3hFSIs1,1413
889,,0Cv7pfVZT1KjaqpylUsYQH,1416
890,,3vTI0IjMJnEFS20GbwqjxH,1416
891,,5f1qCD8JhSU1frlTwk6hHW,1416
892,,3XVBdLihbNbxUwZosxcGuJ,1419
893,,0t9il3sTezdVNFtyItCGsX,1420
894,,2MgfxFG6RBfW4ivhwFtYoi,1420
895,,7hN5TKSdRb56uytwIpcUES,1427
896,,0cmwFz7G4l7bE6L8x3IqWG,1480
897,,2FEry3x8gDr7UJzH69m8q9,1480
898,,31KNUC2lCIPdEeR9GSppuG,1480
899,,3XZP3HTjGubkTFbGTgQC6O,1480
900,,3Y92KuhfETiU7BaAQyVgyi,1480
901,,0Cv7pfVZT1KjaqpylUsYQH,1502
902,,3vTI0IjMJnEFS20GbwqjxH,1502
903,,5f1qCD8JhSU1frlTwk6hHW,1502
904,,17xAiso6mNWpcNQ82JOsAa,1504
905,,1rOmy0BEdNZfwR3UKomdWf,1504
906,,2AiaI6KaPOJofH97x3XvV8,1508
907,,2D2mkrVLZA1OYCCZfbH0ik,1508
908,,2QhzxlVT9M0zUl9Q2jsc8O,1508
909,,2WZHRfGs61DKNfmYzM4WIm,1508
910,,3YUVkJ58QEamAtk7LOrxVP,1508
911,,3cf8teQ3FB4dDgMmVXd2R7,1508
912,,3yZuIZOZCBImbR0SKTkj7S,1508
913,,3yj6Hc5nO7t88CUAss0tHH,1508
914,,49aoOZzUdoUoMBbfG0KEJw,1508
915,,4ajF5UznaEpfHFXv64AQ7T,1508
916,,508ZgXsy4S2BujWN6dJybW,1508
917,,5TVirkSwFEXF1nLJEebe2I,1508
918,,5s5RWM20nO50Ixe2et4uNu,1508
919,,62wBAurjQB8yPNEpcjtvGJ,1508
920,,6mzF8HvHdVrzJNd8M1uFCS,1508
921,,7MDtE1tjuPZAro0aPYRql4,1508
922,,5ruT2dWSHtML4esT7doTzt,1509
923,,2OIpA70bwSLiTAEWY4aWwG,1517
924,,2QPW157Ms76KiW8rByD73h,1517
925,,2dEjGfMHtd0LxYIDrfnmHT,1517
926,,2jc5kcoJWGFJbW2dnjweIp,1517
927,,38qKPWcyAn2oOK4qHHC4q9,1517
928,,5aGkIyzLVYGuLIHkxpNAFF,1517
929,,5n0CTysih20NYdT2S0Wpe8,1517
930,,7JO9xpBP2uwgMMINJkc43y,1517
931,,7hXVlVoYvSUMwz8XuXfK58,1517
932,,1NoGgCGfH2Kg4p8DvWaFca,1518
933,,651aMl2jYthoJyI9WvNKo4,1518
934,,0Bhf80gwbCronwcRHW8EZF,1520
935,,0COqiPhxzoWICwFCS4eZcp,1520
936,,0clS0Pwyo2JDfnZIGK2GvW,1520
937,,10UmwJAOxFM9XdTp6stN1i,1520
938,,1ko2iL09yVsV57V1Z616KP,1520
939,,24TdORdiwpuE1EH7fh1fNQ,1520
940,,4Ql5Q06HoJeQmpIBl9TngL,1520
941,,4XbMaF3YFmdTmzmW3g9U8x,1520
942,,5SqrY9AWeRXqwgLCnLO2A0,1520
943,,5cOdPnKDyhdFnB6X3V3JkK,1520
944,,7nW4aS5AeIP0jfoY8ZvlsL,1520
945,,5JAnXx5BBES4FEf4d4t4CC,1521
946,,3dPQuX8Gs42Y7b454ybpMR,1523
947,,3vt0SQeafzXjdTYCZKf6oJ,1523
948,,4SCbD68sf3dBfaE2X8uDSP,1523
949,,2Tg4cPLU3XcBOWQjtpMAAk,1534
950,,6ynAnlAUh045UlljCR08nd,1534
951,,04Q5xTS6JKv4zqTbTq92Fa,1535
952,,04Q5xTS6JKv4zqTbTq92Fa,1538
953,,3GmgxjJpkSamedNinjO3rB,1540
954,,6T3sv3t18ship4wjgtXKFs,1544
955,,33DhPKcRaVOemvkI5Db3lQ,1551
956,,7LmSHOk78FKRQIP6IS6uxa,1551
957,,7udnV9JWzRV2m2LWE5GsjW,1551
958,,3ZykTVwx06JeQVVxUpiqxa,1581
959,,5BKKy9fIJL5uM9fz1SnqyP,1581
960,,4NlYDU9c38dhqf1pnOqZsA,1587
961,,27tX58NOpv1YKQ0abW7EPy,1607
962,,28cnXtME493VX9NOw9cIUh,1607
963,,4ugBXQVxTzKLmdCRL7yRRa,1607
964,,09k2CzqdF7nOqqfCuvGqqd,1608
965,,0iHjqIQdw2IMhD5j23gci7,1608
966,,0kzmBBR1Jjx5zBZKx9lsJr,1608
967,,3SWqGa1J0M7hSBUDM0KePD,1608
968,,1zNXF2svmdlNxfS5XeNUgr,1609
969,,2uHHH7iJjQDhoFKfWbFjo3,1609
970,,7uki3SHvd09GpX4Fbq95Ui,1609
971,,1zNXF2svmdlNxfS5XeNUgr,1611
972,,2uHHH7iJjQDhoFKfWbFjo3,1611
973,,7uki3SHvd09GpX4Fbq95Ui,1611
974,,1zNXF2svmdlNxfS5XeNUgr,1613
975,,2uHHH7iJjQDhoFKfWbFjo3,1613
976,,7uki3SHvd09GpX4Fbq95Ui,1613
977,,7vFv0yFGMJW3qVXbAd9BK9,1614
978,,0ohKYbf2MXFdUZoYyPmELT,1617
979,,2GxASwsYYNS8WPKri3dFSD,1617
980,,54MiuHVyc3jtQglqhMsdZH,1617
981,,7u8PuIB3TlRPFxSepjvVYR,1617
982,,23EsgI4ZCW4ONfbFgyVjbl,1620
983,,3mNFoKDPM2hzPuJeZ9ziht,1623
984,,3OstpRL2Ed0MwqRblk3ZiU,1625
985,,6tsojOQ5wHaIjKqIryLZK6,1625
986,,5izP1s2w7CUZc91R6DnAv4,1626
987,,6Kuf6bbGqRa1PUcCYGxSlH,1626
988,,3mNFoKDPM2hzPuJeZ9ziht,1628
989,,17bwP0DTeLoqcyJ3JdyIl5,1634
990,,0ECr8qukqLKU14g3eRNX54,1635
991,,0S3b1jhjbkaeg3QYmfObXz,1635
992,,11Wlp3uhPE94k8hhI5LLne,1635
993,,1OvNjJ3nP42vylgfcuoGRk,1635
994,,1vLPyotXnRlM2EJIHK16LW,1635
995,,2nqhQaJH4zJ6F2X2wBQ1IT,1635
996,,31cxwMfgThnUoyHbi0KSPM,1635
997,,356BtzUMw3wWvyDlGzrotn,1635
998,,3CJZg9pdUixEu5STmOpaML,1635
999,,3WGUmg9EePIgNlJvyAzPva,1635
1000,,4JA7aSrxBMK1l4H8JcKF2V,1635
1001,,5EuXqe8xIlAd6ckMUO7Exv,1635
1002,,6Wyj3TB9odDugaqsLlx8ea,1635
1003,,6rOZgQGcPpgH39ob4FkdTr,1635
1004,,6u2DMKOq3A57msjbMPjZhF,1635
1005,,76d2Xi7G2ZtnKFzH8RzU6r,1635
1006,,7Bm1rOWQ8fD6CBtmstnBaW,1635
1007,,7vCtRoVwJDKyP6o7PT1s0I,1635
1008,,3cNw94RcgXmcKw0268eipF,1642
1009,,5MZYOtR8fcaZoWzweBNdMm,1642
1010,,07TeCXbiN0UlCqkO1eDew4,1644
1011,,07xOTRcQijB89eBXDMTAoa,1644
1012,,0dNzSDc24MGkN9sDim1d7b,1644
1013,,3p4hRhMcb6ch8OLtATMaLw,1644
1014,,6pKhbjrMGpGcYrUcCOh2SX,1644
1015,,00GVRTIWMjYwwHEjTLclgf,1691
1016,,07fB2SZNaI4otc0eqMhJWN,1691
1017,,0OwoAzOM3ULaLoiYpC5axn,1691
1018,,0cBPuDA3xUjR4Vh9o7CKy8,1691
1019,,0fAuuR5hoWZtTMpuqqxAGy,1691
1020,,0zolxiS5uiL5towOJrsJi4,1691
1021,,1Auq9Y77qiEMohVa8mVBAm,1691
1022,,1J6bub4kiTe4h0RCo9IszE,1691
1023,,1LWueNjZGJrO3BFgcPZEqU,1691
1024,,1XcsQzSojUtZhHxHY730ug,1691
1025,,1tu8axV7vE0nmgYuTD09ny,1691
1026,,2CZ2f5buwvd9LCtHrrb0vl,1691
1027,,2aMb1asq5acm7cDYlFsYhY,1691
1028,,2ij6KmSIiA46M3TpZavPNK,1691
1029,,3GG9WXxmHL5zGm7hXwCe7L,1691
1030,,3lpmIoqpJmiY074Kay62SW,1691
1031,,3lyLqIn8mybyEFTs8JJaLf,1691
1032,,3tyvQeVxjEAQlgczaaoN3Q,1691
1033,,5R5atr84EbHUbeBFMd89A2,1691
1034,,5TyCTVsBsHeeutZcU2uP5s,1691
1035,,5hkZyWkafKoQW4eGwaJWFF,1691
1036,,5r2PGWAJvLHdMXxjZJ1m1H,1691
1037,,5toFHcmv9XVQsOKbjlUZWY,1691
1038,,62XZ7yQ1unC3jGGUK3HAJp,1691
1039,,6Yc3tjFCVR2bfAQFRTZBef,1691
1040,,6aKfcKMefIPVzclCG6QSHX,1691
1041,,6ajWbqOQ8t0rQx8fHB8aal,1691
1042,,6ekLy1OsrYdLMbcqc0KZ8G,1691
1043,,6xQVup4QTMbLsumB0q2WiQ,1691
1044,,7KPTwEENcZ5r4KJ6FHmhLP,1691
1045,,7eTDwpm5XKKssoMhMbo67y,1691
1046,,1d46ed3h4U9ws3YsvUOMon,1711
1047,,21WZGc66uwIdMskwd9uTw3,1711
1048,,3HOcPWc2LUUv5te756KfAH,1711
1049,,5p7ujcrUXASCNwRaWNHR1C,1711
1050,,6FZDfxM3a3UCqtzo5pxSLZ,1711
1051,,7MhNCT34oaLIxwAsZlZd67,1711
1052,,7lQ8MOhq6IN2w8EYcFNSUk,1711
1053,,4Pafwz3DEfu6KTr88kDGIl,1717
1054,,4ru0Gd5hfmIt1T7Bcdorzg,1717
1055,,6DvPwsfTATS9gTdA1XdIdH,1717
1056,,2JeEIJFABPGktfB7tgQFX9,1721
1057,,2bzlPlkTP0tAayXu4qqeOl,1721
1058,,40eZosWnfFnCPyk94awG7a,1721
1059,,0bCyE31bzBmbVlmtvVxANT,1722
1060,,0bazFDGkuWgSqfmRtasHJ0,1722
1061,,0qn89mS4HFZCkN7Urj0E5T,1722
1062,,1jh9aO4Cif0NDA300VezMd,1722
1063,,3y1fEFFHFv79OYeCbzc774,1722
1064,,0X576XiCW9uEtko6f6VkcU,1729
1065,,1BfzeCKzo8xSvJcYLmnP8f,1729
1066,,57BrRMwf9LrcmuOsyGilwr,1729
1067,,55mJleti2WfWEFNFcBduhc,1730
1068,,0R97k5AJy1udJI6mGV82FJ,1731
1069,,0LzuGVHfi9UgLLJLfraGd5,1745
1070,,5LI5DHVYrtMKJQaedaUhTS,1745
1071,,77YKoNCjP5hWqiXMRG2839,1745
1072,,7GkCm4wRDhB0WhyOovlLfm,1745
1073,,7hzfrKYkRfPUIiagwhBtZS,1745
1074,,7nkp1uuSbKkoxMvEs8cSw0,1745
1075,,5w9o8SPAR4MHyIqDBl8ux6,1750
1076,,2Im6Kvwpw5vZywcsjYP1Mm,1818
1077,,5TAf4lnZCZTLlZHNZMLFLi,1818
1078,,3WXUW6HEBtjvqqNocGiZz5,1823
1079,,0V7k2JgK1H4m0rTe8SoFg1,1828
1080,,3ESSGgWzRf1xvP7G5hHMhB,1828
1081,,3VdTkrOXjoKe4nutykkoz1,1828
1082,,4OQq1bcP12GQQXJNupxqfR,1828
1083,,4hZCKKgXe30ovwxQK5vcC7,1828
1084,,5e2l2ZAMwHmrkdM4Z6NhAR,1828
1085,,6IRxsf4hUTLzVeXb8PhiGs,1828
1086,,6qk3jI8bKCgURI3h0d8zBZ,1828
1087,,7EUSByOz1UUx78lLDxfxRQ,1828
1088,,1wsRitfRRtWyEapl0q22o8,1830
1089,,3At9iZJpHFkIsVFO4IKe4u,1831
1090,,2YHIP0JrmNPJxwuUE45o7l,1833
1091,,2cJDsHTLgDQvf5G73RCNX5,1833
1092,,0LdrgIn0po8wRxpv2USlys,1839
1093,,0YammaEkYSeo9vQYZ1OwS6,1839
1094,,1KFlRPAPtXublWQx91REdI,1839
1095,,2XDJzMW1MUWeAIQoMOJeUj,1839
1096,,3GYlQmwfBDo7imFyGPhrl7,1839
1097,,3PzAUMMxPcaXEfWEvMx469,1839
1098,,3zZwwTNa27TDKUSNj2uuMc,1839
1099,,64Pt9sepmLXTnc0eZBDEha,1839
1100,,3yfqSUWxFvZELEM4PmlwIR,1842
1101,,04KFWnc7aEXoddtAaw2Djn,1845
1102,,0Ja4hLKiUSw01E01pJ1yGr,1845
1103,,0XGoZeBkI6n9TKnp7pjMMu,1845
1104,,0uKrhHBDUQ4w5fv4qwOubP,1845
1105,,1Dr9SUutTv0dVgNeADa9N0,1845
1106,,1KO29IUHcexH583hBewKof,1845
1107,,1ME8Thb5mDmBYTI3I5f3uJ,1845
1108,,2rBXPL2zK799KQpCdAotSI,1845
1109,,3qDTfBuKrM54QbY32Z5uCE,1845
1110,,3tstzyYuJkzEta9X7vgXXp,1845
1111,,3y4LxiYMgDl4RethdzpmNe,1845
1112,,54Vyt2gufmJpaFNOmKP6Jo,1845
1113,,5Blj2sPUANGciixUQRdvNp,1845
1114,,5hiEjdE5yVXeRhvcLG1PRt,1845
1115,,6TR0FGw4zhlGbQALN065AI,1845
1116,,7ITZgfG40753v3U0lTtAuP,1845
1117,,3PB2otu6Z5yToA9irqF1fN,1848
1118,,7K36drJq6lInkW6Kkojucp,1887
1119,,7Meqm9jgQXhh08vdnbrvfY,1891
1120,,5OQsiBsky2k2kDKy2bX2eT,1911
1121,,0FpJdOwxVYjN0UCIG6ovcR,1918
1122,,4caq1xfhuXjM94zghnTTXS,1918
1123,,7tUpvgMTJfB4OARD8gD6vg,1918
1124,,01EEDndCqYapk8IjMqbWDa,1922
1125,,14bpv8bbNlQgyZjNKMbHfb,1922
1126,,1Q67GzAimjd3OLMJJOTy9H,1922
1127,,1puTLQ5v3ErYGIM8MwD1xs,1922
1128,,2m8UShpNDIPkNWCxBN909N,1922
1129,,4Y5lTN1zjBQCRBHmJkqxt6,1922
1130,,4ZK6kJ2LllaXrbSG41uOtq,1922
1131,,5cJJdUtacwBrphoMjh3tKG,1922
1132,,6fO02CJizDEEvSXYo0s7Pa,1922
1133,,7im82Ki0wDa210H4cgnzZg,1922
1134,,7o2CTH4ctstm8TNelqjb51,1925
1135,,7snQQk1zcKl8gZ92AnueZW,1925
1136,,3LQPTJEqOfljGBxmpgUnoC,1926
1137,,4vIfD7rtHy18K02Nim7dEd,1926
1138,,60oKqgNr7etrBTUTg73uQE,1926
1139,,2R6UrJ8uWbSIiHWmvRQvN8,1928
1140,,2uLx3Gka9TGCz9Zgu7Uwav,1928
1141,,4ANmPUsA3LAvOSP8xen6Vt,1930
1142,,7c3LzKrKNa2TgBgGfVMMCf,1930
1143,,1G391cbiT3v3Cywg8T7DM1,1931
1144,,0sMA4yM4virFpGKst2Pt1N,1937
1145,,2bbBBFlA66OVmzX9BMD9Dh,1943
1146,,5VCy743OaUmLpijIonFmaw,1943
1147,,6sxptembJVty4sNtcPMAVz,1943
1148,,0clMwAoIjm1LSh2ZePMxTA,1944
1149,,7ottDUMz3VomUN2Ln9FWdI,1944
1150,,7qRmdDl9dnHkFT4MMboG7Y,1948
1151,,7tjU8mRg1YJ4c47tZ3HsLc,1952
1152,,1hsAJDXCIHr6tZKPfW8zEX,1965
1153,,1jAce30EindqC0CPWm128E,1965
1154,,1lQLxZODSaf2W1KBzH3hne,1965
1155,,5f8lcz6WmN77t1v01oi0ov,1965
1156,,63oIL8TdR6iO1JxArVadLf,1965
1157,,6W21LNLz9Sw7sUSNWMSHRu,2008
1158,,0g3TtIRE23MsTwn6DZH4DP,2018
1159,,5PwZqDdJmDqF25solWayeR,2018
1160,,2q04AFjRX4GKTnFj2eUb5W,2023
1161,,6njmP9TqyeVi3DUioVULY2,2023
1162,,5NFXZaUersjjJuIqPbOlhF,2026
1163,,0Qi2JkCpl4VrTVC6UqxSGX,2040
1164,,1wb4P4F0sxAQ2KXrRvsx6n,2040
1165,,2E9viCx0hJKNKNThd2MdGQ,2040
1166,,6eWeTcpAu5F68IQf2xWTU3,2040
1167,,7jkbE3Gxpqp58m4bn5FWu7,2040
1168,,0Qi2JkCpl4VrTVC6UqxSGX,2045
1169,,1wb4P4F0sxAQ2KXrRvsx6n,2045
1170,,2E9viCx0hJKNKNThd2MdGQ,2045
1171,,6eWeTcpAu5F68IQf2xWTU3,2045
1172,,7jkbE3Gxpqp58m4bn5FWu7,2045
1173,,0gCPvo1GkbtPhMqg5Gbx1K,2061
1174,,1v1nsB6TCXuhdC4QNP4aB4,2061
1175,,3QAE1arPJAMVKt3NUqjikE,2061
1176,,4YwQ3BccBBKrjWGSfKRdGh,2061
1177,,5Ky1XoRuYVahqFYxSgs1WD,2061
1178,,6Kwo18gzpFZnZhlAwhn5cl,2061
1179,,6dLnAfi800mKEj2xryXQLt,2061
1180,,7FNClArpU0MQIIkAU5VSwh,2061
1181,,7af1WixhIA44jYgzXU19da,2061
1182,,3DUcaEvPO72PijivCjtZcU,2109
1183,,0ACDXN4BKIWUK4b3DlFmbk,2111
1184,,43HrWjjYGP8kXqjThk618V,2111
1185,,6Z2NosTNVXFCTqKG3HmB04,2111
1186,,3eCueoiyNs7xUYqX05IEoy,2112
1187,,49AQAXswd32dFJUWOegVWO,2112
1188,,4gM814NneKElxn37F5Ht7G,2112
1189,,5BKnhKLu8MUOLSL40nfC3X,2112
1190,,5eSVftEHhe9oWK3POAsoeu,2112
1191,,06Lrz6eyIROUC8JM0MylSO,2113
1192,,1B1QyU5S0rIrokfaV9Zq4a,2113
1193,,2b5quz1xqBnmUeYYPdPkuS,2113
1194,,2rQsg6LF9Ylm31vtYCjQvd,2113
1195,,2yZax79pOrYuyIFVW2cZY2,2113
1196,,3GSMJpuz3rFU8WtCws1rv5,2113
1197,,3qEgc2gahKn6oSQLAKTsMV,2113
1198,,6l5O6RzzSuCnwTjy9KQrdm,2113
1199,,1t8742dk3Bks8F8nAGBfjD,2116
1200,,1vjAIuP4S2FgoFJdqSwXYV,2116
1201,,39bx4zZrPxTjw8VNuvjt6X,2116
1202,,3bjfZcKL5HZOahNAA6v5zw,2116
1203,,6PNvv1dmDbOWrAYwEcuKBX,2116
1204,,6T689Jvh5KrSXyaPtUWZtQ,2116
1205,,6Za3190Sbw39BBC77WSS1C,2116
1206,,1FNvrp5K02oThumS6gllzp,2121
1207,,2wPFy7SAFnt9Nj2TipWcqb,2121
1208,,35g78KATz0u3gUVRsOvBV8,2121
1209,,0z1b34WikhOH9ZxU8QDWcv,2122
1210,,65P8KmStYrVUPlchXH2CH8,2122
1211,,6n6zJJFmKJ1DoKq2eMCbEb,2122
1212,,2uZWffKoemZDI0gHcBEcDc,2125
1213,,3TfJtvgXTC0BIsRGXD3SLz,2125
1214,,3lawK0CXk8hJ1yZnhNMx7u,2125
1215,,7BD50ATrF3Vab5FQy7vtK8,2133
1216,,6ZoPj6DeUFHUyL42c3HjDc,2137
1217,,1LPAb9ROQ5JcY2vWNbCZ7R,2142
1218,,1yPIFsWSszIgcArWl2lRpi,2144
1219,,7hgNuPmytIlYF8B6Pp4kne,2144
1220,,47dVFUoQyfAfRRx6INGexa,2173
1221,,43ZA173zlPZnKN3YSjrzHU,2202
1222,,10yCOAQyCTeG42AKEKL0sl,2206
1223,,4rH57RWRqo2PrKwYGagrB2,2206
1224,,0NAf1tdqosJQk9pStk7m7y,2223
1225,,0pvo7vEKIrMs0kzHim2lPk,2223
1226,,18WI5LEikfhXo606KbapYf,2223
1227,,1LJt4Lh6SXMoe7XKTHUJ7o,2223
1228,,1PpdWBJtZLDqDncfPOJH3p,2223
1229,,1xUl4v2uK0hi7ZT3fF7ZII,2223
1230,,21yCOhgaDMc0KEtxhZHTbI,2223
1231,,2g8Aw9v2IdLEYrGXQbMYtw,2223
1232,,3A9RV7frnaeqKGvF7kb0vd,2223
1233,,3RQ9rAfpwuM6lpgsBriByX,2223
1234,,3WMnYYRj4VmziUS9Fzey8p,2223
1235,,4QOb9hRufjPp9TDdph7Wzh,2223
1236,,4XeObYyrXp8MNNNPQb3Hhy,2223
1237,,52f5RgyEM4cfaPMeh1VbWo,2223
1238,,5rHOjo1bvjdUYH9ViGclLH,2223
1239,,6NJOOWpT5g3Y46G2qtRejH,2223
1240,,6RbR5roCYCol0oQw4oUxU7,2223
1241,,79Vz5MNH7Qe4F7hPKT8tPz,2223
1242,,1jEy4S0PriJSPxBIc7XreS,2224
1243,,2j2u8p3DDG8Fa8FJIapXV6,2224
1244,,6Jl8BpAWqCpzcv6V4BZEaf,2224
1245,,2sxZLyHEvNGXcNbVpOUOXF,2226
1246,,0NAf1tdqosJQk9pStk7m7y,2228
1247,,0pvo7vEKIrMs0kzHim2lPk,2228
1248,,18WI5LEikfhXo606KbapYf,2228
1249,,1LJt4Lh6SXMoe7XKTHUJ7o,2228
1250,,1PpdWBJtZLDqDncfPOJH3p,2228
1251,,1xUl4v2uK0hi7ZT3fF7ZII,2228
1252,,21yCOhgaDMc0KEtxhZHTbI,2228
1253,,2g8Aw9v2IdLEYrGXQbMYtw,2228
1254,,3A9RV7frnaeqKGvF7kb0vd,2228
1255,,3RQ9rAfpwuM6lpgsBriByX,2228
1256,,3WMnYYRj4VmziUS9Fzey8p,2228
1257,,4QOb9hRufjPp9TDdph7Wzh,2228
1258,,4XeObYyrXp8MNNNPQb3Hhy,2228
1259,,52f5RgyEM4cfaPMeh1VbWo,2228
1260,,5rHOjo1bvjdUYH9ViGclLH,2228
1261,,6NJOOWpT5g3Y46G2qtRejH,2228
1262,,6RbR5roCYCol0oQw4oUxU7,2228
1263,,79Vz5MNH7Qe4F7hPKT8tPz,2228
1264,,2N6qMBL0E2G55pKKmkCDce,2232
1265,,43ZA173zlPZnKN3YSjrzHU,2263
1266,,3YKptz29AsOlm7WAVnztBh,2284
1267,,3YKptz29AsOlm7WAVnztBh,2286
1268,,3YKptz29AsOlm7WAVnztBh,2289
1269,,0hVHUbZZNeRWw6a2gT1SvE,2295
1270,,0hVHUbZZNeRWw6a2gT1SvE,2301
1271,,6rLrVRpM8XY6UZAIl15JWV,2304
1272,,1DIXPcTDzTj8ZMHt3PDt8p,2309
1273,,6bDe6IMM7ek4p9rBsRCdpr,2325
1274,,3bdgb8PuKpkA54t4SPN0cG,2333
1275,,6ysVxh7xhytlvlawdKCklQ,2333
1276,,2eTRqllk2ANQO7wwMkidwL,2350
1277,,20tYAl1DAEwmqT9HDZZpHM,2351
1278,,3zthhGnvubjpItG1KDe3GU,2351
1279,,4bL2aekMQ0jdrEyBwERSmb,2351
1280,,5W3ih1h8VhaLDIvwgMIRvQ,2370
1281,,7M44kAX5Li4d3uPhTopygZ,2370
1282,,1Cq23W4ZxHTY8QbP40qjEc,2372
1283,,2PcJoVkfjcbvoqBxV1Nj7y,2372
1284,,1Cq23W4ZxHTY8QbP40qjEc,2376
1285,,2PcJoVkfjcbvoqBxV1Nj7y,2376
1286,,0pVwDEtlpHXSb3fMs3BxgM,2377
1287,,1EyvonxK8OGHRV4WDRdArc,2377
1288,,2IWavl4tAi9kY1xCsRGxHy,2377
1289,,32RxZnEk5KyWUTZR4azxbD,2377
1290,,00NZcRjpixxnyUwltRhj7V,2379
1291,,2EoOZnxNgtmZaD8uUmz2nD,2386
1292,,2vGDTOtslhkco6LVFfdEI2,2386
1293,,7KPwpv8wlkkaNRd4LLoQT9,2386
1294,,1jMaB19DiVR8OihLSuYFOt,2387
1295,,6JN0cjFT0zDRYxzqcKrvwf,2387
1296,,5H6kYSJNxRnAp25X2tUyfU,2388
1297,,6bIPHR8AJG5HAcn9oF21Ma,2388
1298,,7gUtJqAkAzc8xYZsOxojvp,2388
1299,,0UgmLwOrTeOCUNwV07a5AD,2392
1300,,1NkHDIbGjHqFjZJrdHjQGZ,2392
1301,,4n38mzJeXeCPQpXS9hMsGG,2392
1302,,0jSlCQQ0XiIo0XcX7VTrb3,2395
1303,,7dfl9X38RhIvB3oSmmneq3,2395
1304,,02q7qbOYbE89NMFEtOklcc,2397
1305,,3Jg02v8nQp88GN1TqiAtKT,2397
1306,,4wl9wFhVgT4ucd72OEpEeZ,2397
1307,,4t9cpYT8AD3G2TGwSRQVDK,2404
1308,,0ageVTrwkx70Rknx3uGW7A,2412
1309,,6HniH9hqshcK6b9lXqhxbx,2457
1310,,1EeI6tvN2c7erYcOdM0Ljp,2464
1311,,6t1wUup2mF3IpJhMfAwoDl,2464
1312,,0tBTnrMcc91qKP9dHqhsS7,2466
1313,,7zDzoMGQURPsfDsGOLookv,2466
1314,,0BaVcB3Mn8QgGUdEi2yqCb,2470
1315,,2TAQ9YGehOKWDqDak5DuXc,2470
1316,,3jJZVeExYzVYiV6Y9Fl3DX,2470
1317,,241A55np6HAqymEjP5CAiK,2473
1318,,3Ib3SJV8ZXuLvDiDb2w1As,2473
1319,,13cpOnmccZGVGFngLxYN4I,2515
1320,,3jOeaIRuyLuztWpxWA3BnX,2520
1321,,43ZA173zlPZnKN3YSjrzHU,2521
1322,,1emx944EiuTphS9qv5mslc,2538
1323,,1kgdslQYmeTR4thk9whoRw,2538
1324,,4PQsHmUvAIWfGVtFqJ7EMT,2538
1325,,1emx944EiuTphS9qv5mslc,2540
1326,,1kgdslQYmeTR4thk9whoRw,2540
1327,,4PQsHmUvAIWfGVtFqJ7EMT,2540
1328,,1emx944EiuTphS9qv5mslc,2543
1329,,1kgdslQYmeTR4thk9whoRw,2543
1330,,4PQsHmUvAIWfGVtFqJ7EMT,2543
1331,,0sXJUHfwsocaJaLM5osoWX,2546
1332,,1h9sbBtqXjji9nnBsxaxNR,2546
1333,,2fhNSZfNcD90lXomIkkdMK,2546
1334,,0uppYCG86ajpV2hSR3dJJ0,2550
1335,,2dYexYOVMItMNUvGXl4gtR,2550
1336,,0XfNjyJcb7d2ZAscVM4K7J,2551
1337,,12n9WBfLII5EdQFzQiQFqv,2551
1338,,3KmlvEQ4drHLcJinD0dnmX,2551
1339,,4jAcGLximA53NQ1DwOPM9S,2551
1340,,4nCL6rn9Wu2VdGM287dmrz,2551
1341,,1Eolhana7nKHYpcYpdVcT5,2552
1342,,5XNpdKmlLJPUbwKQceX2tW,2552
1343,,0EiUpsNMBVX4eWczcM6DA6,2553
1344,,2Ey6v4Sekh3Z0RUSISRosD,2553
1345,,2kkvB3RNRzwjFdGhaUA0tz,2553
1346,,3diPEpZKPa7DyhpMtp5Psw,2553
1347,,3ujiq7yK4Uan5z4876fHLK,2553
1348,,43vQBJSGH5rM9eYiA9F5yL,2553
1349,,4j4Jc3xTEOAPRd9GuH1CsX,2553
1350,,5ucyKDPjLpYLGadsRO1wSB,2553
1351,,6DZkSVWQMDE97W1cGB3oPk,2553
1352,,6JQg4pXTuNTOEMJVRGKhwy,2553
1353,,3jIdl5LURV3fJNmVSnDS74,2556
1354,,3l3xTXsUXeWlkPqzMs7mPD,2559
1355,,6e2lt5O6aOUGQ8BWSo0gNr,2559
1356,,1qUdmikV7AoqFaOBPQg3ck,2564
1357,,1wl5b2lw3YagQtZiYZbQWP,2564
1358,,1rIKgCH4H52lrvDcz50hS8,2565
1359,,0sXJUHfwsocaJaLM5osoWX,2596
1360,,1h9sbBtqXjji9nnBsxaxNR,2596
1361,,2fhNSZfNcD90lXomIkkdMK,2596
1362,,131bKC60MeH9TZhgpo8S7Y,2597
1363,,3B54sVLJ402zGa6Xm4YGNe,2618
1364,,5KghnAajixZATYQOA4xNdi,2618
1365,,648TTtYB0bH0P8Hfy0FmkL,2618
1366,,3B54sVLJ402zGa6Xm4YGNe,2620
1367,,5KghnAajixZATYQOA4xNdi,2620
1368,,648TTtYB0bH0P8Hfy0FmkL,2620
1369,,3tks8NXTViU7Nv6yYAjjeV,2623
1370,,6GSgikgrDSGtFPf0HwPi2X,2623
1371,,3B54sVLJ402zGa6Xm4YGNe,2625
1372,,5KghnAajixZATYQOA4xNdi,2625
1373,,648TTtYB0bH0P8Hfy0FmkL,2625
1374,,4XeqABCbUqyznqTgB8Ckzj,2630
1375,,431HgPSwQBZOtcEnAFMDyM,2635
1376,,6C7ZgThn6Yan5MTZdAEEFw,2638
1377,,4ZpXHlV2vQVfPXUvbDSZ92,2643
1378,,05V0EUXnGRfV940BTV30Xa,2649
1379,,2Xzwy48kdZBWGo2lTc8fVn,2649
1380,,2g37h9JTMtrhnfcNLA3OS6,2649
1381,,3kfv7UwooO8rulCxDfZyxf,2649
1382,,3stuliHpnexsTj6uXFJ5iI,2649
1383,,7Mk8wKsRMWsHtWAqAmIX5L,2649
1384,,2pwAFMC4p6fUCQBljWKExv,2676
1385,,31AOj9sFz2gM0O3hMARRBx,2676
1386,,7oMO1B9CB4ZPYPLeVe32OY,2676
1387,,3B54sVLJ402zGa6Xm4YGNe,2679
1388,,5KghnAajixZATYQOA4xNdi,2679
1389,,648TTtYB0bH0P8Hfy0FmkL,2679
1390,,48i055G1OT5KxGGftwFxWy,2701
1391,,52HAHV1j93s5B8GoTNI7DJ,2701
1392,,5OaRqgnamUsa99HzxSTdDv,2705
1393,,6hypt8VPJxeMXTTcRUHS86,2751
1394,,5e3YOg6fIkP0wD5TyxcHOH,2784
1395,,0F9CRgRkikQ9VjTIpI0n5s,2785
1396,,0SmPsv1s7yZmANEZ9r7Rq3,2785
1397,,35GwlKlVXgFCMF5uTp5r7P,2785
1398,,5IX4TbIR5mMHGE4wiWwKW0,2785
1399,,5PFO5wajg9qK427Bb1aLF1,2785
1400,,6GHeOffm2HtCsMJPrRfZbC,2785
1401,,7GqdzilQBbQ7kwG7eW2RRq,2785
1402,,39rHGt9qI4FGdLqtSksPZm,2787
1403,,4jeV7Au08Ig1ol6vLDlMZU,2790
1404,,2PZryKb38MtoCTsZASWLJ4,2793
1405,,0B2GWovtxzsh0a02PBbNl7,2797
1406,,0FINAWav6l4FyMdBpRM7GE,2797
1407,,15licm1kGcle1EmWWuLRHI,2797
1408,,0B2GWovtxzsh0a02PBbNl7,2799
1409,,0FINAWav6l4FyMdBpRM7GE,2799
1410,,15licm1kGcle1EmWWuLRHI,2799
1411,,0N3JL9zXF0xy87cW5A08Yt,2803
1412,,0tXaXcuDbaX0Jhzns45Gx5,2804
1413,,37GWzLSkDiHzxVPNKpa1CK,2804
1414,,4DRBGUmoJen0BbAxlWpPSi,2804
1415,,4slCqtSxGmf9P7NGb3EBC6,2804
1416,,6B9EuDkJUAm9bO26ZdzBke,2804
1417,,6khO0U2cbPBDBKwg63hQ8G,2804
1418,,11J3Oz5eKrwTjc5R8B3KL6,2806
1419,,2tB9EXMGGzvRdxxwyzIJCC,2807
1420,,6rcjfjEu2nwAAFO0O9Rpef,2807
1421,,0HXTeJbCIQFHegpE2lx5Ej,2812
1422,,4dbOnD0jtDkyHg9iKE7WSG,2812
1423,,17iwvf7pe7BSrDncxulrPb,2828
1424,,3CPWVEyZoMmxPdfwrlIbv0,2828
1425,,5iX1FIxAdb3YoWP846kjvP,2828
1426,,4l9hml2UCnxoNI3yCdL1BW,2831
1427,,7p2PLFrKrY9nc7nEdOocEa,2831
1428,,1SN1vSPsr4V4tIUTR3s8YW,2852
1429,,2M9ro2krNb7nr7HSprkEgo,2852
1430,,63wsZUhUZLlh1OsyrZq7sz,2852
1431,,7Md7IzzMCu8IgbZr5AJpoX,2852
1432,,1tnZipedfyuRJlxkW8o5za,2857
1433,,2DsDWkKARyqjvXnmYmDksc,2868
1434,,4UfICLNQEvWRTAmGD2Rmoa,2868
1435,,45KqDHTOJtIM53QR1gPGTa,2870
1436,,0ceMBaAB2nX6xRInXssoW5,2875
1437,,4QUzCpm1bKr6CR4P6F03wA,2875
1438,,6eLL7QTdMWdhhG4i3jHDR9,2878
1439,,0ceMBaAB2nX6xRInXssoW5,2881
1440,,4QUzCpm1bKr6CR4P6F03wA,2881
1441,,45HHTHXv7gQ5q2r89ui2Fy,2882
1442,,1WfGsQ85CKU1yOVHLpk3ab,2883
1443,,5yr3x2a1Qoz3cECLhuAbqa,2924
1444,,0ZFzV813vzKHfEYWX9gIeE,2928
1445,,1K4OfBFaLleSUaUVjp1l2X,2933
1446,,0IOM6VWcOOHtbjzXqyMd4U,2940
1447,,3M8FzayQWtkvOhqMn2V4T2,2940
1448,,43Hit5V2BpPq2vxvca3ysc,2940
1449,,5acSb48zFAcXTdL5Wsk8xx,2940
1450,,2enPRFda84VE2wtI8c86Uf,2948
1451,,4rQSLX4qMiUWL81hEQOuPY,2952
1452,,1PpbrbgsXRXeKw1GnZMEv7,2953
1453,,3FRARAKLpHw3er9ZaTwaHO,2953
1454,,1cz1Z22xmJQaALUgUXzUaq,2976
1455,,10LCC2yUHBXPoGLRoOi0w8,2982
1456,,19Y2yyOQZ5g3LpNqYnJ3wq,2982
1457,,1T4U8Q2DRfs6OUg8DEsRZf,2982
1458,,22An65gG31JLf9n18qjdhZ,2982
1459,,2szKefE1bJx9x2nrBhmCu9,2982
1460,,3UE0SXiu1l9IhZrZtCCSDS,2982
1461,,48p14fycNa8oD1CzgofALf,2982
1462,,4CH66Rxcjcj3VBHwmIBj4T,2982
1463,,4fjprVQCBGaOVKahwHEHrB,2982
1464,,6WvJSQYUkmktUjfsY2sPDk,2982
1465,,3o0vFcZI1ejWCLOqnFWEwE,2995
1466,,3rzRo91l4htQvMXhsiECAX,2995
1467,,6oJ6le65B3SEqPwMRNXWjY,2995
1468,,3o0vFcZI1ejWCLOqnFWEwE,3000
1469,,3rzRo91l4htQvMXhsiECAX,3000
1470,,6oJ6le65B3SEqPwMRNXWjY,3000
1471,,4OIRWMwEHR6oCU7g1QgK0n,3005
1472,,5izGeTxueiFX1UPFGohY9w,3005
1473,,0PtDNK2Q49fAM4ZbKtN0mz,3008
1474,,16V8meQabrUEUI5GRC8x4K,3008
1475,,6F2vo4sxRNQ58VYe3pdiaL,3008
1476,,0J3aMJWv7ix6pzjYMXMR7C,3012
1477,,4E73Motq88LCg5Oy42uynU,3012
1478,,5Xk9S2AxytNejHXIXQncrR,3012
1479,,4qpsfCiA3fiyyeH30FW1Gs,3014
1480,,6zp3mlGhZvE1ucv8q2ucPG,3014
1481,,1qUdmikV7AoqFaOBPQg3ck,3015
1482,,1wl5b2lw3YagQtZiYZbQWP,3015
1483,,1Ol5LmdNDNpFu1oNwfgkux,3017
1484,,1nocRtwyNPVtGcIJqfgdzZ,3017
1485,,6qnqHO6zpVCrPQiHDiKUc6,3017
1486,,6sQmvjsV3CaxaWW4p8gvn0,3024
1487,,2IeG0rG6pJPhezlazwtv7o,3026
1488,,3arQDLbkZnujJVfhoyEDlM,3026
1489,,2wM1n6rc7cucc8W84gpz06,3028
1490,,3S0gwZJ3GonEYRqYpTWIuh,3028
1491,,5ZHd2S3xeMXKoSws9XlwKC,3028
1492,,3sGIinyzRCCb8VXHRoubOB,3029
1493,,28NftaX1Z3CwSFkIEv5Mfj,3034
1494,,0HhleUCwCfFYS413WmpMxJ,3047
1495,,1sbkhLUWk5obKUneFjFGTr,3047
1496,,5gFeCFyZG6ZWOTbD1SzoVP,3047
1497,,7cv6F8ecbEGEggj5LxswRe,3047
1498,,2einB00Doep8LZImPipb9r,3072
1499,,4gvea7UlDkAvsJBPZAd4oB,3072
1500,,5U0t4SMp344ER0F4jYb6xI,3072
1501,,2mx6puNmToZ7DkvY0SANiP,3098
1502,,1rIKgCH4H52lrvDcz50hS8,3115
1503,,0ew5ANHq1cfeLU9Vj15pJ1,3134
1504,,4kOfxxnW1ukZdsNbCKY9br,3134
1505,,0ew5ANHq1cfeLU9Vj15pJ1,3136
1506,,4kOfxxnW1ukZdsNbCKY9br,3136
1507,,0ew5ANHq1cfeLU9Vj15pJ1,3138
1508,,4kOfxxnW1ukZdsNbCKY9br,3138
1509,,0N8d25eR5OMLON40UYIukg,3143
1510,,7FwBtcecmlpc1sLySPXeGE,3143
1511,,06KL1sgKf7pXhg6aouEOsJ,3145
1512,,1nDFQIAqam5OFiqwFZScTi,3145
1513,,60C3tBC9yPX9vzwYnPrDbd,3145
1514,,7DCiOOtP3baRrHoSzlkNuj,3146
1515,,4JEylZNW8SbO4zUyfVrpb7,3147
1516,,7DCiOOtP3baRrHoSzlkNuj,3150
1517,,2MwrFzPLPhx12QF3xjfXjR,3152
1518,,1tzMa1ma7O05lIgr4XKia8,3157
1519,,4QWLhGVitrCCysR3ugX9Xw,3157
1520,,1kO7jUnCBS15J9YuyS0Mgj,3163
1521,,4qjkmhXL0s45uPe3jjq7OO,3163
1522,,0L338uEl2VPRQGSLy5yuP3,3169
1523,,0wOx3pICvsNIwobd0XnUxb,3169
1524,,2X6wJzcIqx9Xl24HKZQFCs,3169
1525,,4qCYYhzI5bCz7JxV7VD4HH,3169
1526,,034KyQEk7IhbLtniVhBErj,3188
1527,,4kflXMtDdukfphfpvp1708,3188
1528,,1JSTJqkT5qHq8MDJnJbRE1,3203
1529,,2TVLyjrb4R9rsPhmn6sXqf,3203
1530,,2pXrc7Fw6jaqzO8XtkVK7b,3203
1531,,3pIpa33ZYgL6ZEkpBRA8BF,3203
1532,,3qLlQ4RLl3B8PaEdIG6H0d,3203
1533,,5iW6TzNki53X1zwMsYgops,3203
1534,,4IFILVvOQrVWbCDamYBNkF,3206
1535,,4Xk27hIoARhVAduAeVXBsQ,3206
1536,,66HnStZWn2gkmrOeaiwUu8,3206
1537,,7azo4rpSUh8nXgtonC6Pkq,3206
1538,,3p9hzlhLsBvoQ0SDQO832z,3208
1539,,3t4p9vIhemAhCMr6hfL2pa,3214
1540,,4zzi2eD2cEPpQ3a307mPPj,3214
1541,,7tlw2BnFAfaq10wMmrRzWo,3216
1542,,3t4p9vIhemAhCMr6hfL2pa,3217
1543,,4zzi2eD2cEPpQ3a307mPPj,3217
1544,,0rqRkmrlWyuhSUqJKvf8SK,3220
1545,,3nqpRRpUhwfo6BqibVqeuj,3220
1546,,3dSyAEFONFGUTmjapcPEKa,3222
1547,,43qIVkhox6QU979YJHCW3E,3222
1548,,0ojGXbSAH6INkZX24Kfs2u,3244
1549,,36jMu03qVcjYAccvQLmAMR,3244
1550,,54U6FgLT46c8pNpDBUx54m,3244
1551,,5ntMWSjQGsHb4TIksSIUBc,3244
1552,,4IFILVvOQrVWbCDamYBNkF,3256
1553,,4Xk27hIoARhVAduAeVXBsQ,3256
1554,,66HnStZWn2gkmrOeaiwUu8,3256
1555,,7azo4rpSUh8nXgtonC6Pkq,3256
1556,,07ABETRdek3ACMpRPvQuaT,3270
1557,,1B5Tp2Ml9nLlmTSJx8xVfI,3270
1558,,67D4E7jOf6ibhDnryHhjp6,3270
1559,,2yyQmFCUPenLlfpfUxBnAd,3273
1560,,7AslBsiVLQAGrmFmi79ZeK,3273
1561,,46u5B2WN4wryYLZuMAOmI4,3277
1562,,46ydq5g3k17iLJs3qMDvO6,3277
1563,,0Rpqo36TnUZplojq6qqI4J,3279
1564,,2Ygw4CPjg1lg4zxTITYY2V,3279
1565,,2duPzlSXewDS6NVZcH20KU,3279
1566,,2ngmiq1KoYn3x25VOmvd8F,3279
1567,,3uRLwBjI2TahxslcMTvpFs,3279
1568,,41za80kTVaQpZwtPfPtPYB,3279
1569,,5rScTt133AzCfZCgI2pq6n,3279
1570,,5JccvAiwcZ7n3urnXqWPsG,3286
1571,,07ABETRdek3ACMpRPvQuaT,3287
1572,,1B5Tp2Ml9nLlmTSJx8xVfI,3287
1573,,67D4E7jOf6ibhDnryHhjp6,3287
1574,,4UVN6E7TCmrreJ5MnhWF5q,3289
1575,,07ABETRdek3ACMpRPvQuaT,3290
1576,,1B5Tp2Ml9nLlmTSJx8xVfI,3290
1577,,67D4E7jOf6ibhDnryHhjp6,3290
1578,,23tSVCziOnXVAyayQt0Bi7,3312
1579,,39FexuVmNT8zcnB1DoscSn,3312
1580,,4yJMYcNQNJ6J1Mso8D39qf,3312
1581,,6DK8DFFf1YLur4WsH6Y4VR,3342
1582,,1FF6TogE9ELY71XnLPoEv6,3346
1583,,1uK6lSRKWd9T5FNBVp6CRY,3346
1584,,4C426PqeHP8XqHU5mQIAKS,3346
1585,,5fdNHVZHbWB1AaXk4RBGVD,3346
1586,,4w3tQBXhn5345eUXDGBWZG,3348
1587,,7JHZD300yNthGgRqvdA0Hy,3348
1588,,4w3tQBXhn5345eUXDGBWZG,3352
1589,,7JHZD300yNthGgRqvdA0Hy,3352
1590,,0zjORbo98bRxMmyS3wzeKW,3355
1591,,1fl2pEDROb4TFyqQtV6LBL,3355
1592,,1tNor3sWdsUXCMXdOXLdx3,3355
1593,,4VC6Ihh1epJiQPiiMpJXDE,3355
1594,,6rGBWSCtMqurKFEvpa2lW2,3355
1595,,0tXaXcuDbaX0Jhzns45Gx5,3357
1596,,37GWzLSkDiHzxVPNKpa1CK,3357
1597,,4DRBGUmoJen0BbAxlWpPSi,3357
1598,,4slCqtSxGmf9P7NGb3EBC6,3357
1599,,6B9EuDkJUAm9bO26ZdzBke,3357
1600,,6khO0U2cbPBDBKwg63hQ8G,3357
1601,,26bdkzE7QpGy8qE6nveFUq,3374
1602,,0HXnNR8t6ckKrZPQxtUdeV,3391
1603,,6BrPfRDcZHJn3RHm55nqyf,3391
1604,,6Hu6dzwlvoyg3zBUC8k4BK,3391
1605,,0HXnNR8t6ckKrZPQxtUdeV,3393
1606,,6BrPfRDcZHJn3RHm55nqyf,3393
1607,,6Hu6dzwlvoyg3zBUC8k4BK,3393
1608,,2NXQxdNx1CpsvhmpiGNftZ,3395
1609,,6UegWjbY3L1imrs1Psygx1,3396
1610,,3VYxHOaZ8ed1enSdu9lY5J,3400
1611,,1q0wCfrE9eGFMzS2g8aVnx,3410
1612,,39l9w8YP3zami75eN3Cu3D,3410
1613,,3o9H18PKrO0320morPWZGe,3410
1614,,4BcrWCZPXuoGU0SnAsJW1s,3410
1615,,6SAJ25rNLHCfYabbk9QCJm,3410
1616,,6qMgx8ys4MNNxypaIvbG0i,3410
1617,,6IWxHgVbdKyUMydhVGXRaT,3413
1618,,6ivwlk05kmqz1Sk9CNOYoX,3416
1619,,0HXnNR8t6ckKrZPQxtUdeV,3433
1620,,6BrPfRDcZHJn3RHm55nqyf,3433
1621,,6Hu6dzwlvoyg3zBUC8k4BK,3433
1622,,0gOdb6jejKS3xbWQUsQNg1,3438
1623,,6wmcfutQy5xHQFJoyhF3ib,3438
1624,,05fL1P3yj5DLIE9mF7pf1z,3451
1625,,05fL1P3yj5DLIE9mF7pf1z,3453
1626,,027FzBDYuXMlrcFi2WY44C,3458
1627,,0RRZxVYjfY3jWT4XiYAW7k,3458
1628,,0qniD6tjpPcGN9imRrBWLg,3458
1629,,1W0YS64vF9qgMVLuN76aqg,3458
1630,,1bhpBRCLsVg3p7BWARbaDS,3458
1631,,1p8B91IjEd9fjOPOSsEN75,3458
1632,,46QdfDL0LnGlHLKmREiXP5,3458
1633,,4DAxxBU8fQ4uDE2Zc3yz6c,3458
1634,,5Hq1tPk22c1M4Y61SkTleX,3458
1635,,5NFAE8XxEjBrpNu4tEvhqG,3458
1636,,5ZSl6gDoV6bPPxzmLeneV9,3458
1637,,2zMJN9JvDlvGP4jB03l1Bz,3459
1638,,0X87oBvtFV9sf5N0j3reDL,3463
1639,,2iqZwU3lzwCPQp9fGtPzUd,3463
1640,,3zmrdOtnOogqLllz26WLZ3,3463
1641,,4r5vlYJg34EmyWhHxoKGRN,3463
1642,,5aeT0ug8aEM2UZYUUKG14e,3463
1643,,5f6nlDTGRzH9zR7vHIxlp7,3463
1644,,5w7sO0tWXMmctwKnJZu24v,3463
1645,,6HU7h9RYOaPRFeh0R3UeAr,3463
1646,,7fjwhq5xxpDYzflpPxVB9H,3463
1647,,6ztstiyZL6FXzh4aG46ZPD,3466
1648,,3cfnGXJ9bmiWvFqEO6ff8B,3467
1649,,1MrcbZai6wumuSm6JJ6BUA,3468
1650,,7rIovIsXE6kMn629b7kDig,3468
1651,,5KqldkCunQ2rWxruMEtGh0,3470
1652,,5gev1cjS7Y3QrOG4ls2nFi,3470
1653,,3YC4FwGXLyjcn9zHGp1n3s,3487
1654,,05fL1P3yj5DLIE9mF7pf1z,3493
1655,,2FSkBDGsqZIxcsnKNgtMLx,3509
1656,,3LRcDiWeIFSXmBZtyv7sJ4,3509
1657,,49MHCPzvMLXhRjDantBMVH,3509
1658,,7BqBn9nzAq8spo5e7cZ0dJ,3509
1659,,2FSkBDGsqZIxcsnKNgtMLx,3511
1660,,3LRcDiWeIFSXmBZtyv7sJ4,3511
1661,,49MHCPzvMLXhRjDantBMVH,3511
1662,,7BqBn9nzAq8spo5e7cZ0dJ,3511
1663,,3hWOGUIOcqKDoVpFBLp9Qc,3514
1664,,3eCueoiyNs7xUYqX05IEoy,3517
1665,,49AQAXswd32dFJUWOegVWO,3517
1666,,4gM814NneKElxn37F5Ht7G,3517
1667,,5BKnhKLu8MUOLSL40nfC3X,3517
1668,,5eSVftEHhe9oWK3POAsoeu,3517
1669,,0XgpiStoxq1IJncYlPrvZ5,3520
1670,,3eCueoiyNs7xUYqX05IEoy,3521
1671,,49AQAXswd32dFJUWOegVWO,3521
1672,,4gM814NneKElxn37F5Ht7G,3521
1673,,5BKnhKLu8MUOLSL40nfC3X,3521
1674,,5eSVftEHhe9oWK3POAsoeu,3521
1675,,20SGd8qUkKOBwoJ8LNUT0y,3523
1676,,5KqldkCunQ2rWxruMEtGh0,3526
1677,,5gev1cjS7Y3QrOG4ls2nFi,3526
1678,,4iFGj9LMN5xYuGeDcNifo9,3527
1679,,5NvNo6iJw4lZhjPGYlWnMw,3532
1680,,5wrK2HD3bBdTdkCj4lgnRb,3532
1681,,4UDmDIqJIbrW0hMBQMFOsM,3546
1682,,3rquyyzec0JKU4UbGga9rP,3568
1683,,1FnV600VjinGnFtUBvmGGw,3584
1684,,3DZ11M7LSpVQzYHnFx3i95,3584
1685,,1sIycj2RfpZbI4Msmgzlt8,3585
1686,,4YXKKnIZuk7UtXH5oC0ffa,3591
1687,,0K7FVauF70d5LufTvDf8e7,3596
1688,,24JrqCPlzo18UYTT9MRRy5,3596
1689,,3wotj7DBWBhoWBLtyTYlKU,3596
1690,,0KMGxYKeUzK9wc5DZCt3HT,3617
1691,,1fXMOBiZsYyMHUzWFrAkFn,3619
1692,,1m3BAsNsQAaSNMD2M6vlKY,3619
1693,,7EUnYSsHzHMgAg6pLmAYfx,3619
1694,,1fXMOBiZsYyMHUzWFrAkFn,3630
1695,,1m3BAsNsQAaSNMD2M6vlKY,3630
1696,,7EUnYSsHzHMgAg6pLmAYfx,3630
1697,,3T7aiE7ZBhAbj2xUzDCMUF,3632
1698,,5IJb3GtAnACyhkrMIdy9mW,3632
1699,,6mdNaF8hJu60XXXXyRLApe,3632
1700,,79WthgBijQ7koBeL5Sbw2W,3632
1701,,7GDGbF9PMU3sjxtmZFXWN4,3632
1702,,7vXR7bMvuo6uShUFo4q6sv,3632
1703,,3Sd5eBByIJatNp4YTrDyJ4,3663
1704,,4keovyJwAJest604xwXXEC,3666
1705,,0oBV4QAfY26kcYqRLRv5ST,3667
1706,,0xu4nHvp3S4wVFc685Z9EY,3667
1707,,4GsD2QeWDNtpJiZk9xzvfL,3683
1708,,5rZCbYSbQ98GZk0eBqmEKq,3683
1709,,2X30fR4jrB0b1dBPPKdICb,3684
1710,,3CiZBMNMkRm8CzPD4ZLM6C,3684
1711,,1JirgX4e9bGq7ECDXysoGL,3685
1712,,5y1RNyzzJDR4mCHzxF8CMr,3685
1713,,50YfgmB7KzEu0yXMTxjJrI,3686
1714,,0DN6SZlDgqlsIHMbXaxOxN,3711
1715,,2UVCKuxhCQ29eUdQys4EpM,3713
1716,,4ElytRh63EPJKRCgm16WhT,3713
1717,,6pU9arMMETKXhDmUzvixqx,3713
1718,,2N5a0tqh9yPVc6QLyNnatO,3732
1719,,7KWoeBqSdZHEloYKVxssfG,3732
1720,,0DZr4tVoYT3rUJzm9w15Lg,3733
1721,,2XEtdVgbgltXfzVQppAkbi,3733
1722,,3DY5GOnDQXNKP0fNXcnW2U,3733
1723,,4CZjdmlZn9A3SgpjLO7FRC,3733
1724,,4E6cwWJWZw2zWf7VFbH7wf,3733
1725,,6gGrF7Ua39cuPJA09Sxi5G,3733
1726,,1SnZi2eVU2kcXRNJT6ek4J,3738
1727,,3gsCAGsWr6pUm1Vy7CPPob,3756
1728,,3gsCAGsWr6pUm1Vy7CPPob,3758
1729,,0rFWuqFgHAfuzE8uSB9TWR,3761
1730,,4tPMiv9ohCmHqZwHMuZhX8,3768
1731,,3gsCAGsWr6pUm1Vy7CPPob,3769
1732,,4gcTWm58MmrRDhPjyLZRIj,3774
1733,,7fSqV7QeQSZaihS4X5O78n,3774
1734,,7yss3y4G3zjtufzx8adHMb,3774
1735,,4gcTWm58MmrRDhPjyLZRIj,3777
1736,,7fSqV7QeQSZaihS4X5O78n,3777
1737,,7yss3y4G3zjtufzx8adHMb,3777
1738,,5iVgRNeNZI1XKdbJMhRiCK,3780
1739,,6d7Jz2np6jtNaZv1DiWfJs,3780
1740,,7sJDqzrY07xysc49QNsiPA,3780
1741,,2KTg7wfUXeRNruUnwBOudN,3782
1742,,5iVgRNeNZI1XKdbJMhRiCK,3783
1743,,6d7Jz2np6jtNaZv1DiWfJs,3783
1744,,7sJDqzrY07xysc49QNsiPA,3783
1745,,2laWaYdlYCDe3QFsUUpxkW,3802
1746,,2laWaYdlYCDe3QFsUUpxkW,3804
1747,,2SvmLf1WGMevA1POgmsE1j,3807
1748,,08a3StAjIV2J1BbbqSOyKa,3816
1749,,0KWnRv3wxjltYVB3MqjNd2,3816
1750,,0W3UUIPbAdBk9V0lmXtDTG,3816
1751,,1HPJpgceRg6KPO11nMhWlt,3816
1752,,1SesKQRY9HNlqbOtCGYWMa,3816
1753,,1gyUE472BSDlR9gIbQd2iY,3816
1754,,1ptcA3iEnvLc0M05GwiKDe,3816
1755,,1s45UMzb4201qnFbYKxA4i,3816
1756,,27OeeYzk6klgBh83TSvGMA,3816
1757,,2VzAa8R6S0ZIdDkGprASGG,3816
1758,,2iWDeE7fZyCsxAbqaiNCnM,3816
1759,,2xuaIdm0HsPaZPxQoNeplK,3816
1760,,39Lz4adax8ptCgM1XmJxxb,3816
1761,,4NctsFaHmewUuQntJY3Qqt,3816
1762,,4kHMIktiFnafGWwXcm5F6k,3816
1763,,4xNfsvj9mOVnMTvHZZ8HNk,3816
1764,,5GIE4sOL5Dk9gLbowUtUpT,3816
1765,,5Z2TvUNflVYGsoFGkvAKzE,3816
1766,,6R6ux6KaKrhAg2EIB2krdU,3816
1767,,6VGT3k5HR54scnGmBkWrlq,3816
1768,,6yK27J3dxUrVzLA5yU3QFB,3816
1769,,7GeYvtNRnQc8WmHZXz2set,3816
1770,,7GiQQLwauh1e6vXgJQ1eLs,3816
1771,,2VSdj9iXoaPojkSMKp2gXI,3821
1772,,0tXaXcuDbaX0Jhzns45Gx5,3825
1773,,37GWzLSkDiHzxVPNKpa1CK,3825
1774,,4DRBGUmoJen0BbAxlWpPSi,3825
1775,,4slCqtSxGmf9P7NGb3EBC6,3825
1776,,6B9EuDkJUAm9bO26ZdzBke,3825
1777,,6khO0U2cbPBDBKwg63hQ8G,3825
1778,,2IWyXbac49Rwk8fYyv4ee7,3832
1779,,2oDCxy29DtirotGBmk36jJ,3832
1780,,4QxDOjgpYtQDxxbWPuEJOy,3832
1781,,6egkvLCcA2onpiYgat3cB6,3832
1782,,0h4jHdNzUrV9eGR2PT5R8c,3836
1783,,6U3Gz3tlljM3F9nIk4bzWY,3837
1784,,7hQvu9NBBRrSHg2U8PBFvl,3838
1785,,3QC8SkNKVI278HWa53zE2a,3849
1786,,7ImaCF0ttRFNoQIErYlRq5,3851
1787,,7ImaCF0ttRFNoQIErYlRq5,3859
1788,,0gaZi6J3Pk7FG7GNMHsK5o,3862
1789,,0LNMSp3yVRnXiv4pxuIRJZ,3865
1790,,1k1Bqnv2R0uJXQN4u6LKYt,3865
1791,,4XzIist5bvsQp1lVib68Eq,3865
1792,,0gaZi6J3Pk7FG7GNMHsK5o,3893
1793,,0gaZi6J3Pk7FG7GNMHsK5o,3895
1794,,0gaZi6J3Pk7FG7GNMHsK5o,3898
1795,,0gaZi6J3Pk7FG7GNMHsK5o,3899
1796,,0XV6QiUZCV5IIeTVojlktV,3902
1797,,4yT5usLhavd4mzP14LSiPU,3902
1798,,0gaZi6J3Pk7FG7GNMHsK5o,3906
1799,,3cg0dJfrQB66Qf2YthPb6G,3908
1800,,4NQfrmGs9iQXVQI9IpRhjM,3908
1801,,4kyKnNbxFe86MMeV4xpDL8,3908
1802,,4cIGNFaKpoVuJfVvixS0mU,3913
1803,,4mos9mL081crow85rBCvtE,3913
1804,,6b42V0AvjyRhGXsCod2nQe,3913
1805,,6ydqEdlzueCGmQE2oosecr,3913
1806,,0l1JCo6HrRemmzvFfqudtv,3921
1807,,7wnQTnZe2Q0O0WdKmODS50,3938
1808,,29lZKytTb56zzAwryJ3X38,3940
1809,,5yZzLyY9SMI3ZjdqpXWYDp,3946
1810,,29lZKytTb56zzAwryJ3X38,3948
1811,,7wnQTnZe2Q0O0WdKmODS50,3950
1812,,7wnQTnZe2Q0O0WdKmODS50,3954
1813,,2iU4ZlFm68vUQ5u3Xd4lN3,3964
1814,,3U7SA8rpD7zZldUTLeXgHy,3964
1815,,4A9zDnQq1LXN1U80fUpIzj,3991
1816,,5uvosCdMlFdTXhoazkTI5R,3991
1817,,3zBhihYUHBmGd2bcQIobrF,3996
1818,,3zBhihYUHBmGd2bcQIobrF,3998
1819,,7Meqm9jgQXhh08vdnbrvfY,4006
1820,,6us7QqYJGMGZqej8dKCFGC,4024
1821,,4vI35LUtIpj5bRrExUjaD6,4026
1822,,6us7QqYJGMGZqej8dKCFGC,4030
1823,,5SFTZsHW3HdCp9f1zbzitS,4032
1824,,5TXDeTFVRVY7Cvt0Dw4vWW,4032
1825,,7CpeDdqQP8iZc7cEC3eaLz,4032
1826,,4vI35LUtIpj5bRrExUjaD6,4039
1827,,2yKBnKOmPXePrbHqRv42r4,4041
1828,,2yKBnKOmPXePrbHqRv42r4,4042
1829,,1SnZi2eVU2kcXRNJT6ek4J,4045
1830,,5PB3Xm10vd8b4b7pxzClWc,4069
1831,,3bTzAFtvHyDWJcIyTQijGO,4071
1832,,6nbEAEwMMTMFkifxQQPovY,4071
1833,,5PB3Xm10vd8b4b7pxzClWc,4074
1834,,6EOKwO6WaLal58MSsi6U4W,4087
1835,,0zsKpQrofq6ADUJCcB8ixb,4094
1836,,0zsKpQrofq6ADUJCcB8ixb,4096
1837,,0zsKpQrofq6ADUJCcB8ixb,4097
1838,,5PB3Xm10vd8b4b7pxzClWc,4099
1839,,5PB3Xm10vd8b4b7pxzClWc,4100
1840,,1IDYwYkEJ70yvpxAtMGWys,4116
1841,,1IDYwYkEJ70yvpxAtMGWys,4131
1842,,3AZ9y0djGcK0kcOkCxuUOU,4133
1843,,3898C4AbdbptwYet6547e5,4157
1844,,5vOVMNYDam6F6jtemqnNX2,4157
1845,,63kd4m3VFxcJjPVVtbVNAu,4160
1846,,63kd4m3VFxcJjPVVtbVNAu,4163
1847,,2PaRgKXIroJJ351nwLmIe0,4181
1848,,3Ga6eKrUFf12ouh9Yw3v2D,4181
1849,,4peaqzjjKneykCpVp18S5t,4181
1850,,1yegDiVa8d94H07ga1SLOt,4203
1851,,4fRzYHQgupApAZg4zCYQvD,4203
1852,,1yegDiVa8d94H07ga1SLOt,4206
1853,,4fRzYHQgupApAZg4zCYQvD,4206
1854,,5ed6ezVcZb4tqkdh3ZWDLM,4209
1855,,0WzbqGdkyj7VGfQ8Nwl0ka,4214
1856,,2Gtk6whdqZOHx27Xdev1Nt,4215
1857,,3mewJ611cPqPIk8EQDiA12,4215
1858,,79nJj5dMyTsUzKvN5jUXsJ,4215
1859,,1yegDiVa8d94H07ga1SLOt,4216
1860,,4fRzYHQgupApAZg4zCYQvD,4216
1861,,4H52EQ3HSCqu9rISEZ8tnQ,4241
1862,,7lozyelzonSChypzS5dPPb,4241
1863,,18GiV1BaXzPVYpp9rmOg0E,4242
1864,,2Gtk6whdqZOHx27Xdev1Nt,4280
1865,,3mewJ611cPqPIk8EQDiA12,4280
1866,,79nJj5dMyTsUzKvN5jUXsJ,4280
1867,,4BHOr0zMeC7aoJn61EAj4O,4284
1868,,5cAUbhZcGKn666AZ9oO3RO,4284
1869,,60S0LkuUyzHzX29KWew1a6,4284
1870,,4BHOr0zMeC7aoJn61EAj4O,4287
1871,,5cAUbhZcGKn666AZ9oO3RO,4287
1872,,60S0LkuUyzHzX29KWew1a6,4287
1873,,4BHOr0zMeC7aoJn61EAj4O,4296
1874,,5cAUbhZcGKn666AZ9oO3RO,4296
1875,,60S0LkuUyzHzX29KWew1a6,4296
1876,,1INWPr855fwWdAOeecbu0W,4309
1877,,2HoqbEOXgbDSLZ5XCePEXt,4311
1878,,5dUMh0ugelpKfoFp3qChuK,4311
1879,,3E5ndyOfO6vFDEIE42HA8o,4327
1880,,20SGd8qUkKOBwoJ8LNUT0y,4329
1881,,5Af9gYtsjipq5on2JgbGmm,4346
1882,,1ntwYN2nT0Dl3c8lne15ii,4347
1883,,3E5ndyOfO6vFDEIE42HA8o,4363
1884,,51rJTgn79z6SeJacLvsZ0q,4367
1885,,51rJTgn79z6SeJacLvsZ0q,4391
1886,,3uu7YJ8DpVqGsRjZTv9OdD,4397
1887,,3uu7YJ8DpVqGsRjZTv9OdD,4399
1888,,020XZ8mDVjzbnmvjL6GKls,4409
1889,,3S7NB9yGDk4HjbHxkqzgK8,4409
1890,,42fw0rxRO2xbesF6mJfd4Y,4409
1891,,5gJKsGij5oGt5H5RSFYXPa,4409
1892,,7nvMpVadr2vaZESadQRjCl,4409
