genre_song_id,track_id,genre_id
77,00GVRTIWMjYwwHEjTLclgf,61
78,00GVRTIWMjYwwHEjTLclgf,62
240,00utEhrTFR6V4HEuLh2ncI,77
323,01EEDndCqYapk8IjMqbWDa,62
670,02hLeVpizdFbyt7MaZ8aUr,95
775,034KyQEk7IhbLtniVhBErj,6
776,034KyQEk7IhbLtniVhBErj,7
1153,04Q5xTS6JKv4zqTbTq92Fa,34
1447,05fL1P3yj5DLIE9mF7pf1z,38
1448,05fL1P3yj5DLIE9mF7pf1z,89
1449,05fL1P3yj5DLIE9mF7pf1z,92
1450,05fL1P3yj5DLIE9mF7pf1z,27
1451,05fL1P3yj5DLIE9mF7pf1z,57
1452,05fL1P3yj5DLIE9mF7pf1z,58
1591,06Lrz6eyIROUC8JM0MylSO,18
1592,06Lrz6eyIROUC8JM0MylSO,98
1797,07ABETRdek3ACMpRPvQuaT,59
1798,07ABETRdek3ACMpRPvQuaT,60
1900,07WYO7Aayv3woZrmGeXbwT,77
1913,07c61lMwYKYywHlpQ3n14P,62
1922,07fB2SZNaI4otc0eqMhJWN,115
2152,08bNPGLD8AhKpnnERrAc6G,83
2153,08bNPGLD8AhKpnnERrAc6G,119
2154,08bNPGLD8AhKpnnERrAc6G,94
2155,08bNPGLD8AhKpnnERrAc6G,108
2156,08bNPGLD8AhKpnnERrAc6G,120
2157,08bNPGLD8AhKpnnERrAc6G,51
2352,09IdXXMhrxNnmWqIStQ8hv,86
2488,09wrW4mdaoBrOFY6KSR94h,25
2597,0AKy9Gcrl0g3cQynsvlBM6,119
2598,0AKy9Gcrl0g3cQynsvlBM6,94
2762,0B2GWovtxzsh0a02PBbNl7,116
2919,0Bb9oRoN3suM9iiIwzHtmX,52
2954,0BigX1D39KhZC0SmBWawM8,83
3217,0Cv7pfVZT1KjaqpylUsYQH,51
3336,0DN6SZlDgqlsIHMbXaxOxN,121
3648,0EiUpsNMBVX4eWczcM6DA6,112
3742,0F7FA14euOIX8KcbEturGH,4
3745,0F7yztNdCbVgf59S7TCx4u,57
3746,0F7yztNdCbVgf59S7TCx4u,58
3789,0FINAWav6l4FyMdBpRM7GE,116
3872,0FhO4w1pI55ftgMVj8BlWn,90
3873,0FhO4w1pI55ftgMVj8BlWn,91
4328,0HXnNR8t6ckKrZPQxtUdeV,17
4570,0IOM6VWcOOHtbjzXqyMd4U,99
4571,0IOM6VWcOOHtbjzXqyMd4U,7
4723,0J3aMJWv7ix6pzjYMXMR7C,61
4955,0JwhT2vTrFK4eFlX5ecTdf,121
4994,0K7FVauF70d5LufTvDf8e7,56
5042,0KKkJNfGyhkQ5aFogxQAPU,83
5069,0KQRhak4Irr2CKxgQ9U6ay,57
5070,0KQRhak4Irr2CKxgQ9U6ay,58
5204,0L338uEl2VPRQGSLy5yuP3,81
5266,0LNMSp3yVRnXiv4pxuIRJZ,25
5329,0LdrgIn0po8wRxpv2USlys,83
5330,0LdrgIn0po8wRxpv2USlys,119
5331,0LdrgIn0po8wRxpv2USlys,120
5403,0LyfNbnOzyPNc8QG8UBkmp,116
5410,0LzuGVHfi9UgLLJLfraGd5,115
5506,0MLVUkrPCpViDnl0R9dCpp,120
5671,0NAf1tdqosJQk9pStk7m7y,89
5733,0NNSpmyyr0I4lrMaXS8Tba,51
6105,0OwoAzOM3ULaLoiYpC5axn,52
6566,0Qi2JkCpl4VrTVC6UqxSGX,89
6732,0RL2WXAISzvSDcwnwssLhA,92
6733,0RL2WXAISzvSDcwnwssLhA,17
6985,0S79nxCc3Ctvs4Rnz4Ohu7,92
6986,0S79nxCc3Ctvs4Rnz4Ohu7,17
7342,0TdWVbcerMAcvljXrl9gpG,50
7614,0Uon5NsSAkBDx69XYOaQ5P,87
7615,0Uon5NsSAkBDx69XYOaQ5P,88
7749,0VLaaS481wSlMnf6UEQnJM,25
7756,0VN55mOlVabQMlL8miBsno,11
7956,0W4NhJhcqKCqEP2GIpDCDq,7
7988,0WBNZ9HEz6QqiDuZ3BCehP,54
8020,0WKDzn96q4kY1Bpd9ExnkX,119
8021,0WKDzn96q4kY1Bpd9ExnkX,94
8022,0WKDzn96q4kY1Bpd9ExnkX,1
8023,0WKDzn96q4kY1Bpd9ExnkX,108
8361,0XbOtovmj38QDIZFCaJ3KB,62
8431,0XwRlvv3KlOu4HWlOH34XG,120
8432,0XwRlvv3KlOu4HWlOH34XG,66
8570,0YMJIeHuCkeZMMo7vaz8u6,57
8571,0YMJIeHuCkeZMMo7vaz8u6,58
8623,0YammaEkYSeo9vQYZ1OwS6,83
8624,0YammaEkYSeo9vQYZ1OwS6,119
8696,0Yu7xTujO7aKsVww6npA95,25
8729,0Z2NiMOKlPxBNjecKIn0It,11
8825,0ZUo4YjG4saFnEJhdWp9Bt,89
9047,0aLrHZKT7pcszo0e5SiMIG,109
9185,0aplNhTaXCy9z1mz0QGXfV,102
9276,0b8Sf6sJqXOr9cP6tQ7QQx,6
9306,0bCyE31bzBmbVlmtvVxANT,12
9307,0bCyE31bzBmbVlmtvVxANT,13
9436,0bazFDGkuWgSqfmRtasHJ0,12
9437,0bazFDGkuWgSqfmRtasHJ0,13
9586,0cBPuDA3xUjR4Vh9o7CKy8,92
9602,0cFIq4boiMcIG7viSDiU5u,45
9684,0ceMBaAB2nX6xRInXssoW5,104
10253,0ew5ANHq1cfeLU9Vj15pJ1,65
10319,0fAuuR5hoWZtTMpuqqxAGy,2
10612,0gI1wucmc2djSV3e25LqCd,26
10634,0gOdb6jejKS3xbWQUsQNg1,98
10658,0gVbkmFqq5fIkXtJJ3UTfM,52
10684,0gaZi6J3Pk7FG7GNMHsK5o,107
10685,0gaZi6J3Pk7FG7GNMHsK5o,96
10802,0h4jHdNzUrV9eGR2PT5R8c,38
10920,0hVHUbZZNeRWw6a2gT1SvE,57
10921,0hVHUbZZNeRWw6a2gT1SvE,58
11093,0iHvpSHYsp4tSrYlvgEh7l,43
11094,0iHvpSHYsp4tSrYlvgEh7l,111
11104,0iM1Ioz4N4p7MU1DKyqsov,9
11370,0jSlCQQ0XiIo0XcX7VTrb3,106
12522,0oBV4QAfY26kcYqRLRv5ST,111
12659,0oixvwgoGm4wV8go7pK2zJ,104
12730,0ozqdYQjGNEAtcZnVheEiA,96
12940,0pvo7vEKIrMs0kzHim2lPk,14
13176,0qn89mS4HFZCkN7Urj0E5T,96
13298,0rQ5lP1DQ0sxTlZqfbxYNP,6
13352,0raxNoaM7QY6wEDB6inxIB,22
13500,0sMA4yM4virFpGKst2Pt1N,51
13644,0szEtJSwfsTL2gOO7gKICI,7
13683,0t9il3sTezdVNFtyItCGsX,97
13940,0u5K7xSRTLnBkeERwTypzN,119
13941,0u5K7xSRTLnBkeERwTypzN,94
13942,0u5K7xSRTLnBkeERwTypzN,108
14109,0umeqMZWcRshOw5w2E73h8,64
14183,0v1yN5C75um5Wx2WPtFl6k,52
14592,0wOx3pICvsNIwobd0XnUxb,81
14727,0wqD6227o06O16rbekHAYZ,64
14831,0xDVPc5W2jYqO6p9NisCI4,53
14877,0xSqHQ5wv80hNkpU50vPc7,31
14878,0xSqHQ5wv80hNkpU50vPc7,33
14971,0xu4nHvp3S4wVFc685Z9EY,40
15172,0yjxW8s0Uuk9uKi0Nh9B7T,51
15175,0yktt2FVBf1uPKzORvlXiv,57
15176,0yktt2FVBf1uPKzORvlXiv,58
15256,0z1b34WikhOH9ZxU8QDWcv,45
15456,0zolxiS5uiL5towOJrsJi4,90
15457,0zolxiS5uiL5towOJrsJi4,91
15476,0zsKpQrofq6ADUJCcB8ixb,20
15477,0zsKpQrofq6ADUJCcB8ixb,21
15496,0zwqkO1MdFPigFIESwdJ5s,6
15511,100lHmeZbp3OvinYgotmVc,45
15595,10LCC2yUHBXPoGLRoOi0w8,119
15596,10LCC2yUHBXPoGLRoOi0w8,94
15597,10LCC2yUHBXPoGLRoOi0w8,108
15598,10LCC2yUHBXPoGLRoOi0w8,51
15608,10Nmj3JCNoMeBQ87uw5j8k,15
15609,10Nmj3JCNoMeBQ87uw5j8k,16
15610,10Nmj3JCNoMeBQ87uw5j8k,41
15611,10Nmj3JCNoMeBQ87uw5j8k,42
15617,10P1Cy36hugYDFTZPCE9Bk,83
15618,10P1Cy36hugYDFTZPCE9Bk,119
15842,11EX5yhxr9Ihl3IN1asrfK,89
15856,11J3Oz5eKrwTjc5R8B3KL6,99
16009,11qh54D0PKkBwelpDxxiEU,89
16299,131bKC60MeH9TZhgpo8S7Y,46
16648,14KYk4234ad6eQ2MhVzyla,121
16719,14bpv8bbNlQgyZjNKMbHfb,90
16720,14bpv8bbNlQgyZjNKMbHfb,91
16827,154lbtHSyyOt0ao2QwbE4n,94
16828,154lbtHSyyOt0ao2QwbE4n,120
16996,15licm1kGcle1EmWWuLRHI,116
17564,17xAiso6mNWpcNQ82JOsAa,36
17650,18GiV1BaXzPVYpp9rmOg0E,89
17651,18GiV1BaXzPVYpp9rmOg0E,92
17652,18GiV1BaXzPVYpp9rmOg0E,57
17653,18GiV1BaXzPVYpp9rmOg0E,58
17727,18WI5LEikfhXo606KbapYf,6
17728,18WI5LEikfhXo606KbapYf,19
17773,18gCfEcwX5MZrSHmzxQQtc,81
17788,18k8IlS52uxRWObykDUZFG,52
17809,18q0I5Mz5TbxMf4cWSKql9,89
17986,19Y2yyOQZ5g3LpNqYnJ3wq,38
18330,1AtwsVXr1zaZf4YgIEOlDK,26
18336,1Auq9Y77qiEMohVa8mVBAm,57
18337,1Auq9Y77qiEMohVa8mVBAm,58
18362,1B1QyU5S0rIrokfaV9Zq4a,3
18380,1B5Tp2Ml9nLlmTSJx8xVfI,107
18381,1B5Tp2Ml9nLlmTSJx8xVfI,96
18421,1BH3rSiixIJhXe3viUeMAN,15
18790,1Cq23W4ZxHTY8QbP40qjEc,81
18890,1DFD5Fotzgn6yYXkYsKiGs,119
18891,1DFD5Fotzgn6yYXkYsKiGs,94
18892,1DFD5Fotzgn6yYXkYsKiGs,108
19202,1ERshJBUZysordGDZr5B3t,95
19203,1ERshJBUZysordGDZr5B3t,47
19405,1FF6TogE9ELY71XnLPoEv6,52
19406,1FF6TogE9ELY71XnLPoEv6,102
19531,1FnV600VjinGnFtUBvmGGw,65
19599,1G391cbiT3v3Cywg8T7DM1,15
19600,1G391cbiT3v3Cywg8T7DM1,16
19601,1G391cbiT3v3Cywg8T7DM1,41
19602,1G391cbiT3v3Cywg8T7DM1,42
20003,1HXy5I3HTWq8OvxCn0z7G7,89
20222,1INWPr855fwWdAOeecbu0W,106
20223,1INWPr855fwWdAOeecbu0W,107
20224,1INWPr855fwWdAOeecbu0W,96
20252,1IWuiJ7X8zaPmK9NiL0lH6,36
20271,1IbNYr8ByXsgwGbmOxLBXP,3
20272,1IbNYr8ByXsgwGbmOxLBXP,116
20392,1J6bub4kiTe4h0RCo9IszE,92
20487,1JSTJqkT5qHq8MDJnJbRE1,17
20692,1KFlRPAPtXublWQx91REdI,104
20693,1KFlRPAPtXublWQx91REdI,105
20900,1L5tZi0izXsi5Kk5OJf4W0,99
20970,1LJt4Lh6SXMoe7XKTHUJ7o,89
21013,1LWueNjZGJrO3BFgcPZEqU,57
21014,1LWueNjZGJrO3BFgcPZEqU,58
21201,1MNnfeAXbz0TO7wt61mKIX,83
21327,1MrcbZai6wumuSm6JJ6BUA,65
21404,1NByMwpOZY69Mmy4l7jYRF,52
21476,1NaHqvYJ48wdyQZMkNnUUr,15
21477,1NaHqvYJ48wdyQZMkNnUUr,16
21478,1NaHqvYJ48wdyQZMkNnUUr,105
21479,1NaHqvYJ48wdyQZMkNnUUr,27
21480,1NaHqvYJ48wdyQZMkNnUUr,42
22047,1PpdWBJtZLDqDncfPOJH3p,7
22048,1PpdWBJtZLDqDncfPOJH3p,71
22058,1PrWkkvjNZUftGptbVeCTF,119
22059,1PrWkkvjNZUftGptbVeCTF,1
22060,1PrWkkvjNZUftGptbVeCTF,108
22133,1Q67GzAimjd3OLMJJOTy9H,51
22869,1T4U8Q2DRfs6OUg8DEsRZf,51
22870,1T575AhHueYinKSDflEsGK,83
22871,1T575AhHueYinKSDflEsGK,94
22997,1TdHueeRrDSNQd7xiK7UUC,44
22998,1TdHueeRrDSNQd7xiK7UUC,82
23308,1Umw3vhysHBodpBFpFsVgK,100
23309,1Umw3vhysHBodpBFpFsVgK,101
23393,1V8aPypxFrIk5TSa8E3qM0,54
24008,1XcsQzSojUtZhHxHY730ug,95
24170,1YF2iUHdWnbO3MWI7z5aQf,12
24171,1YF2iUHdWnbO3MWI7z5aQf,13
24301,1Yk0cQdMLx5RzzFTYwmuld,99
24302,1Yk0cQdMLx5RzzFTYwmuld,7
24317,1YnLthg0HOs8YTzgN5hVh2,52
24332,1YrZuuVG0vZWvsahkSx5WC,99
24935,1bLXL3MPkzfdrK6NC0u0N3,37
25112,1c8h1SBYY44ys4EuaIZJMn,94
25113,1c8h1SBYY44ys4EuaIZJMn,120
25238,1chnlLONX1BubwxEnL0fln,57
25239,1chnlLONX1BubwxEnL0fln,58
25368,1dGr1c8CrMLDpV6mPbImSI,120
25669,1eV81a6H4xDdpi8r2C4tQT,1
25670,1eV81a6H4xDdpi8r2C4tQT,3
25671,1eV81a6H4xDdpi8r2C4tQT,116
25744,1emx944EiuTphS9qv5mslc,52
25941,1fTAs4YpBA7R21i0iB4j54,1
25952,1fXMOBiZsYyMHUzWFrAkFn,121
26044,1fqGZ9iSWj05tlwFQhN9X0,12
26045,1fqGZ9iSWj05tlwFQhN9X0,13
26588,1i1fxkWeaMmKEB4T7zqbzK,83
26589,1i1fxkWeaMmKEB4T7zqbzK,119
26590,1i1fxkWeaMmKEB4T7zqbzK,94
26591,1i1fxkWeaMmKEB4T7zqbzK,108
26822,1j8z4TTjJ1YOdoFEDwJTQa,18
26823,1j8z4TTjJ1YOdoFEDwJTQa,63
26933,1jfW9Ro29uuPlAUfnOqTVw,12
26934,1jfW9Ro29uuPlAUfnOqTVw,13
26938,1jh9aO4Cif0NDA300VezMd,12
26939,1jh9aO4Cif0NDA300VezMd,13
27012,1k1Bqnv2R0uJXQN4u6LKYt,41
27013,1k1Bqnv2R0uJXQN4u6LKYt,7
27161,1kgdslQYmeTR4thk9whoRw,38
27273,1lFHaHvZeLf6XrOqX6iLlS,77
27457,1m3BAsNsQAaSNMD2M6vlKY,102
27719,1nGbV5JylrjkgigRUWswqX,119
27720,1nGbV5JylrjkgigRUWswqX,108
27882,1ntwYN2nT0Dl3c8lne15ii,25
27883,1ntwYN2nT0Dl3c8lne15ii,46
28096,1op5LorZ180RXgHYr3S6PH,57
28097,1op5LorZ180RXgHYr3S6PH,58
28343,1puTLQ5v3ErYGIM8MwD1xs,96
28723,1rOmy0BEdNZfwR3UKomdWf,5
28788,1rgoyjAJ9LKTmg9id1KTDf,40
28883,1s1G7P7dp7M5v8Jo4ZikMT,109
29379,1tu8axV7vE0nmgYuTD09ny,89
29474,1uK6lSRKWd9T5FNBVp6CRY,104
29610,1utGlAQh8wU3KwibRWIYDN,64
30009,1wLQwg0mloy3yXjL0jPE0N,45
30076,1wb4P4F0sxAQ2KXrRvsx6n,89
30161,1wvs9V8xEJStRzx78lSNJK,109
30293,1xUl4v2uK0hi7ZT3fF7ZII,89
30381,1xqkbi0rZNNcbGv8r6kK8p,82
30382,1xqkbi0rZNNcbGv8r6kK8p,59
30383,1xqkbi0rZNNcbGv8r6kK8p,60
30384,1xqkbi0rZNNcbGv8r6kK8p,111
30607,1yegDiVa8d94H07ga1SLOt,102
30792,1zNXF2svmdlNxfS5XeNUgr,31
30793,1zNXF2svmdlNxfS5XeNUgr,33
30933,1zugfOhn6BebboqGcpUlba,2
31081,20Qqyt4bd1oe4KmkTagb2K,50
31087,20SGd8qUkKOBwoJ8LNUT0y,20
31088,20SGd8qUkKOBwoJ8LNUT0y,21
31504,21yCOhgaDMc0KEtxhZHTbI,6
31559,22An65gG31JLf9n18qjdhZ,18
31842,23EsgI4ZCW4ONfbFgyVjbl,104
31989,23tSVCziOnXVAyayQt0Bi7,51
32014,241A55np6HAqymEjP5CAiK,96
32075,24JrqCPlzo18UYTT9MRRy5,103
32076,24JrqCPlzo18UYTT9MRRy5,55
32143,24XFlHs0ZBM65KzvSsw4IF,83
32204,24tNhacN8vdN8OqkR7LcNm,83
32988,28NftaX1Z3CwSFkIEv5Mfj,2
33327,29bXfCo3mQVzohwPJXohaU,57
33328,29bXfCo3mQVzohwPJXohaU,58
33933,2C7PtVuG50IBrcUlTZ13ZG,77
33934,2C7PtVuG50IBrcUlTZ13ZG,17
34043,2CZ2f5buwvd9LCtHrrb0vl,18
34084,2CgQ5eYlfzPzuh1OKWaJuB,85
34469,2E9viCx0hJKNKNThd2MdGQ,52
34470,2E9viCx0hJKNKNThd2MdGQ,6
34512,2EKxmYmUdAVXlaHCnnW13o,52
34647,2Ey6v4Sekh3Z0RUSISRosD,38
34648,2Ey6v4Sekh3Z0RUSISRosD,99
34649,2Ey6v4Sekh3Z0RUSISRosD,100
34650,2Ey6v4Sekh3Z0RUSISRosD,89
34651,2Ey6v4Sekh3Z0RUSISRosD,92
34652,2Ey6v4Sekh3Z0RUSISRosD,27
34653,2Ey6v4Sekh3Z0RUSISRosD,101
34654,2Ey6v4Sekh3Z0RUSISRosD,57
34655,2Ey6v4Sekh3Z0RUSISRosD,58
34756,2FQviMkaoixlgWuGL4u1EO,54
34762,2FSkBDGsqZIxcsnKNgtMLx,52
34885,2Fxmhks0bxGSBdJ92vM42m,94
34998,2GN8Femwt83EIwInIuQj33,22
35120,2Gtk6whdqZOHx27Xdev1Nt,20
35121,2Gtk6whdqZOHx27Xdev1Nt,21
35335,2HoqbEOXgbDSLZ5XCePEXt,38
35336,2HoqbEOXgbDSLZ5XCePEXt,33
35337,2HoqbEOXgbDSLZ5XCePEXt,77
36493,2MgfxFG6RBfW4ivhwFtYoi,10
36787,2NiRVgM1SIqilCMRdLea8l,5
36855,2NyaaTM7BOAPQaFRIqdE4c,103
36856,2NyaaTM7BOAPQaFRIqdE4c,55
37245,2PaRgKXIroJJ351nwLmIe0,107
37254,2PcJoVkfjcbvoqBxV1Nj7y,50
38250,2TVLyjrb4R9rsPhmn6sXqf,102
38536,2UbVnbE5FH6008mAm6Mmgw,77
38537,2UbVnbE5FH6008mAm6Mmgw,17
38862,2VxeLyX666F8uXCJ0dZF8B,83
38986,2WQRPsMOrbeqms7JgmmVv3,52
38987,2WQRPsMOrbeqms7JgmmVv3,102
39046,2WihaIEZnX9dNRinCebwUj,52
39132,2X6wJzcIqx9Xl24HKZQFCs,46
39163,2XDJzMW1MUWeAIQoMOJeUj,59
39164,2XDJzMW1MUWeAIQoMOJeUj,60
39165,2XDJzMW1MUWeAIQoMOJeUj,71
39447,2YHIP0JrmNPJxwuUE45o7l,45
39955,2aMb1asq5acm7cDYlFsYhY,26
40106,2arir9Fflyqh00LWlOxaym,3
40107,2arir9Fflyqh00LWlOxaym,116
40163,2b5quz1xqBnmUeYYPdPkuS,2
40422,2cCmvbLleZaXRUinMmRaoY,77
40423,2cCmvbLleZaXRUinMmRaoY,17
40453,2cJDsHTLgDQvf5G73RCNX5,45
40454,2cJDsHTLgDQvf5G73RCNX5,42
40690,2d7IETCZDoUUboXVFimOv2,90
40691,2d7IETCZDoUUboXVFimOv2,91
40733,2dEgwtRjYl6TJkIwjRwn6z,27
40904,2dz2ynnOWIWA4V1orUtwIu,62
40934,2e6sXL2bYv4bSz6VTdnfLs,26
41016,2eRzSochQKj3fYYVFcV1nh,61
41025,2eTRqllk2ANQO7wwMkidwL,121
41446,2g8Aw9v2IdLEYrGXQbMYtw,78
42110,2ij6KmSIiA46M3TpZavPNK,3
42527,2kNh8bRILldURA7Bw05Nv9,81
42630,2kkvB3RNRzwjFdGhaUA0tz,38
42631,2kkvB3RNRzwjFdGhaUA0tz,99
42632,2kkvB3RNRzwjFdGhaUA0tz,100
42633,2kkvB3RNRzwjFdGhaUA0tz,89
42634,2kkvB3RNRzwjFdGhaUA0tz,92
42635,2kkvB3RNRzwjFdGhaUA0tz,27
42636,2kkvB3RNRzwjFdGhaUA0tz,101
42637,2kkvB3RNRzwjFdGhaUA0tz,57
42638,2kkvB3RNRzwjFdGhaUA0tz,58
42829,2laWaYdlYCDe3QFsUUpxkW,7
42970,2m8UShpNDIPkNWCxBN909N,113
43000,2mFea4DOhY3iShay4BQ0se,99
43779,2pXrc7Fw6jaqzO8XtkVK7b,53
44265,2rQsg6LF9Ylm31vtYCjQvd,31
44664,2szKefE1bJx9x2nrBhmCu9,11
44998,2uHHH7iJjQDhoFKfWbFjo3,102
45197,2v8mIirSXpwpVwyBrUzAtT,92
46052,2yKBnKOmPXePrbHqRv42r4,50
46066,2yNKDG4FgwzQuL0JUEOunR,94
46067,2yNKDG4FgwzQuL0JUEOunR,120
46103,2yZax79pOrYuyIFVW2cZY2,18
46144,2ykXJ9QVwx9Li8nsW0h6b2,108
46960,322MlqfR6pPebiDEbLABSD,56
47231,33DhPKcRaVOemvkI5Db3lQ,34
47405,3425OMM9bb64VMNXXldLvU,116
47735,35FdyUxBYDgm1cXCNf23kc,96
48123,36nYdygI2cwOtjBqGxhHzY,77
48194,374kqY6VFcdZYtN9FCxJxG,94
48475,3898C4AbdbptwYet6547e5,33
48476,3898C4AbdbptwYet6547e5,80
48766,39FexuVmNT8zcnB1DoscSn,6
48841,39XzVJh1B4VCeXbKYHWDAG,10
49025,3A9RV7frnaeqKGvF7kb0vd,19
49086,3AQozzNsKUnxw2GSn0IlRq,57
49087,3AQozzNsKUnxw2GSn0IlRq,58
49253,3B54sVLJ402zGa6Xm4YGNe,4
49387,3BbBUezZTVqAIzoyyvxDrG,31
49794,3DEOsCKFcseZtobrpOH2J7,12
49795,3DEOsCKFcseZtobrpOH2J7,13
49868,3DZ11M7LSpVQzYHnFx3i95,65
49915,3Dk2StRqlP3JmXIY4aWyvA,2
49962,3Dv1eDb0MEgF93GpLXlucZ,83
50012,3E5ndyOfO6vFDEIE42HA8o,96
50456,3G1aAxWS2Nd17FQs4PWV6X,50
50519,3GG9WXxmHL5zGm7hXwCe7L,89
50531,3GJ4hzg4lrGwU51Y3VARbF,89
50573,3GSMJpuz3rFU8WtCws1rv5,109
50602,3GYlQmwfBDo7imFyGPhrl7,51
50607,3Ga6eKrUFf12ouh9Yw3v2D,41
50608,3Ga6eKrUFf12ouh9Yw3v2D,29
50665,3GmXP6TAvaYUxSrBDB5814,111
50675,3GoiG5kOIEF1fZxj0Cc6h7,95
50789,3HGXzTAUD6cCZcgu1820Q5,121
50942,3HxX5qcaz2phmsJVPskugD,45
51108,3Ib3SJV8ZXuLvDiDb2w1As,45
51769,3LRcDiWeIFSXmBZtyv7sJ4,2
51921,3M8FzayQWtkvOhqMn2V4T2,7
52089,3MmsHzXxADOWJvowwDwUwG,118
52164,3N4DI1vuTSX1tz7fa2NQZw,99
52860,3PzAUMMxPcaXEfWEvMx469,47
52929,3QC8SkNKVI278HWa53zE2a,37
52978,3QMAcZ4WHnBXymXRzvbSht,111
53229,3RQ9rAfpwuM6lpgsBriByX,37
53542,3Sd5eBByIJatNp4YTrDyJ4,46
53573,3SktMqZmo3M9zbB7oKMIF7,57
53574,3SktMqZmo3M9zbB7oKMIF7,58
54017,3UE0SXiu1l9IhZrZtCCSDS,96
54589,3WMnYYRj4VmziUS9Fzey8p,94
54590,3WMnYYRj4VmziUS9Fzey8p,108
54627,3WXUW6HEBtjvqqNocGiZz5,64
54647,3Wd1EKFFLy7HZeZF7PEIge,119
54648,3Wd1EKFFLy7HZeZF7PEIge,94
54649,3Wd1EKFFLy7HZeZF7PEIge,108
54850,3XZAvh2NCDQYHgJei35VQ1,50
54861,3XcV8CIZVzH2b5hiche9d6,94
55062,3YKptz29AsOlm7WAVnztBh,99
55063,3YKptz29AsOlm7WAVnztBh,7
55136,3YcFHqSpQLGawYKTIhA3H1,62
55352,3ZUdr5glJJ9FWxDeE5kXIo,95
55460,3ZykTVwx06JeQVVxUpiqxa,109
55850,3bTzAFtvHyDWJcIyTQijGO,88
56008,3c9IKwzgIPcCweCl9so748,51
56141,3cfnGXJ9bmiWvFqEO6ff8B,65
56353,3dPQuX8Gs42Y7b454ybpMR,15
56354,3dPQuX8Gs42Y7b454ybpMR,16
56355,3dPQuX8Gs42Y7b454ybpMR,38
56356,3dPQuX8Gs42Y7b454ybpMR,17
56433,3diPEpZKPa7DyhpMtp5Psw,112
56526,3eCueoiyNs7xUYqX05IEoy,54
56970,3fxThbBnb37RSkDyb7RDaI,96
57088,3gL8HwgqxcKM8lhXnYtny2,95
57209,3gsCAGsWr6pUm1Vy7CPPob,65
57210,3gsCAGsWr6pUm1Vy7CPPob,7
58192,3ksIpMf8hNYWAyTiMZJ6Xb,119
58193,3ksIpMf8hNYWAyTiMZJ6Xb,94
58194,3ksIpMf8hNYWAyTiMZJ6Xb,108
58233,3l3xTXsUXeWlkPqzMs7mPD,106
58258,3lAHJBwNwA9Ld884HE7ljH,64
58412,3lpmIoqpJmiY074Kay62SW,110
58435,3lyLqIn8mybyEFTs8JJaLf,31
58436,3lyLqIn8mybyEFTs8JJaLf,33
58461,3m4Hf0cD3BCKCT9PD0QAxO,94
58490,3mDvi0k4LuCA7ViLf3Qb3O,52
58531,3mNFoKDPM2hzPuJeZ9ziht,38
58595,3mewJ611cPqPIk8EQDiA12,96
58642,3moGFWSHotNepfDtuonGyG,20
58643,3moGFWSHotNepfDtuonGyG,21
58876,3njNpG8iIjtSnFrnzkLfH4,113
58933,3o0vFcZI1ejWCLOqnFWEwE,64
59242,3pIpa33ZYgL6ZEkpBRA8BF,104
59243,3pIpa33ZYgL6ZEkpBRA8BF,25
59308,3pbSo0j9RmC6hBmqsC3kmH,27
59466,3qEgc2gahKn6oSQLAKTsMV,37
59497,3qLlQ4RLl3B8PaEdIG6H0d,77
59700,3rCtueI7qBN2kZBZnXuk5K,81
59701,3rCtueI7qBN2kZBZnXuk5K,111
59844,3rquyyzec0JKU4UbGga9rP,62
59877,3rzRo91l4htQvMXhsiECAX,52
59984,3sQjkRr8eKcf6KoUgEjB0Z,119
59985,3sQjkRr8eKcf6KoUgEjB0Z,108
60119,3t4p9vIhemAhCMr6hfL2pa,45
60187,3tP6QKbXvtrxiDI7QwKyUf,50
60255,3tjC9XdMwEF8KW82F6rV6f,77
60256,3tjC9XdMwEF8KW82F6rV6f,17
60323,3tyvQeVxjEAQlgczaaoN3Q,69
60324,3tyvQeVxjEAQlgczaaoN3Q,70
60499,3ujiq7yK4Uan5z4876fHLK,112
60546,3uu7YJ8DpVqGsRjZTv9OdD,46
60593,3v5cS4gKxpJqxUu4wz3DvG,45
60699,3vTI0IjMJnEFS20GbwqjxH,12
60700,3vTI0IjMJnEFS20GbwqjxH,13
60804,3vt0SQeafzXjdTYCZKf6oJ,92
60887,3wBzbRG2OnmKl9jYyR6umu,10
61019,3wotj7DBWBhoWBLtyTYlKU,121
61298,3y1fEFFHFv79OYeCbzc774,12
61299,3y1fEFFHFv79OYeCbzc774,13
61358,3yHH3LPyinYelEnaj15yKb,104
61359,3yHH3LPyinYelEnaj15yKb,25
61529,3yydZof4pq6N4zeyTzLwQk,15
61530,3yydZof4pq6N4zeyTzLwQk,16
61531,3yydZof4pq6N4zeyTzLwQk,88
61532,3yydZof4pq6N4zeyTzLwQk,7
61585,3zBhihYUHBmGd2bcQIobrF,38
61586,3zBhihYUHBmGd2bcQIobrF,7
61691,3zZwwTNa27TDKUSNj2uuMc,105
62035,40u9pTla24PIkyRLKKVh6a,51
62143,41Lve6OfiwXjLUlkjNihU4,25
62279,41vUI66skZegzFHxwMkk8t,4
62314,423bvgQOTSKshdn6Yhr9SX,82
62620,43Hit5V2BpPq2vxvca3ysc,71
62643,43NI5sAcvDLG7QQAmUc7UU,100
62644,43NI5sAcvDLG7QQAmUc7UU,115
62645,43NI5sAcvDLG7QQAmUc7UU,101
62711,43djyGEvUsYRphVLkWk6kL,55
62776,43vQBJSGH5rM9eYiA9F5yL,112
62924,44ahv3Zj4FOJoy8gJLZF9B,25
63057,454G2UvyFpWTfgBADw8YHV,69
63058,454G2UvyFpWTfgBADw8YHV,70
63122,45KqDHTOJtIM53QR1gPGTa,25
63459,46bFZCQ2U2DMSNUKGzQUyP,4
63475,46eK1kembooWblMi7M7yLM,18
64045,48p14fycNa8oD1CzgofALf,113
64128,49AQAXswd32dFJUWOegVWO,69
64129,49AQAXswd32dFJUWOegVWO,70
64163,49MHCPzvMLXhRjDantBMVH,77
64164,49MHCPzvMLXhRjDantBMVH,57
64165,49MHCPzvMLXhRjDantBMVH,58
64432,4Aa5v0LJ8VoJAt68deFiPf,26
64582,4BHOr0zMeC7aoJn61EAj4O,121
64804,4C426PqeHP8XqHU5mQIAKS,33
64859,4CH66Rxcjcj3VBHwmIBj4T,18
65223,4DkVMKiU48LNaLTiT0KPCc,86
65298,4E2sMWXzxK3uYJerGbeUfp,94
65322,4E73Motq88LCg5Oy42uynU,52
65404,4EWfkpTArMEGK6x1d3MajU,96
65456,4EiKZxDgW0sbT8BZ9Gl6dC,26
65469,4ElNxglBjcrASiGn58t9Jm,15
65470,4ElNxglBjcrASiGn58t9Jm,26
65578,4FFtbSBa31aw38ld7zW73Z,83
65723,4FqwB59uy3uBxjCnzrTcxk,62
65881,4GXnutk4q9KXJUgkGJcc4I,119
65882,4GXnutk4q9KXJUgkGJcc4I,94
65918,4Get5ZiY8kJAWaqkPhSGb1,1
65919,4Get5ZiY8kJAWaqkPhSGb1,116
65920,4Get5ZiY8kJAWaqkPhSGb1,86
65972,4GsD2QeWDNtpJiZk9xzvfL,83
66021,4H52EQ3HSCqu9rISEZ8tnQ,20
66022,4H52EQ3HSCqu9rISEZ8tnQ,21
66077,4HGq8ZzrPOtXxNEXN4XGFu,119
66078,4HGq8ZzrPOtXxNEXN4XGFu,94
66079,4HGq8ZzrPOtXxNEXN4XGFu,1
66080,4HGq8ZzrPOtXxNEXN4XGFu,108
66081,4HGq8ZzrPOtXxNEXN4XGFu,116
66310,4IFILVvOQrVWbCDamYBNkF,36
67276,4M0ezYulsUFJDrKk9d58y6,119
67277,4M0ezYulsUFJDrKk9d58y6,94
67278,4M0ezYulsUFJDrKk9d58y6,108
67397,4MVJvkKhoeLPH3BcssmVpC,85
67670,4NlYDU9c38dhqf1pnOqZsA,42
67819,4OSBTYWVwsQhGLF9NHvIbR,99
67820,4OSBTYWVwsQhGLF9NHvIbR,7
68040,4PQsHmUvAIWfGVtFqJ7EMT,95
68278,4QOb9hRufjPp9TDdph7Wzh,51
68317,4QUzCpm1bKr6CR4P6F03wA,23
68336,4QYGss1JbmGTxte5nA4JNX,53
68337,4QYGss1JbmGTxte5nA4JNX,31
68338,4QYGss1JbmGTxte5nA4JNX,32
68416,4QpnTJdniesQvZfHfzLTXJ,92
68752,4SCbD68sf3dBfaE2X8uDSP,81
68882,4SgnNO4hJbZDftfpBrH2Rj,18
68928,4Srslh9EEeiJupAPAVGuMx,94
69152,4Tni0eZOEBwZ7Dd1Q4izKL,14
69684,4Vzpf1TmxKmczOiTAfheBs,94
69685,4Vzpf1TmxKmczOiTAfheBs,120
69711,4W5lqrBjMNk8kNCOIrWv6i,103
69712,4W5lqrBjMNk8kNCOIrWv6i,55
70007,4XNNf7EtykRU3gCVsnvssV,95
70095,4XeObYyrXp8MNNNPQb3Hhy,115
70124,4Xk27hIoARhVAduAeVXBsQ,36
70130,4Xn89qH8uKOumgvAGSvY3U,18
70131,4Xn89qH8uKOumgvAGSvY3U,19
70175,4XzIist5bvsQp1lVib68Eq,104
70184,4Y1igB1GDncJvt7ezbV3cW,81
70213,4Y5lTN1zjBQCRBHmJkqxt6,46
70251,4YFrH7oE7c35mJX3kAQbWb,97
70252,4YFrH7oE7c35mJX3kAQbWb,31
70253,4YFrH7oE7c35mJX3kAQbWb,32
70530,4ZK6kJ2LllaXrbSG41uOtq,25
71203,4bz7uB4edifWKJXSDxwHcs,113
71204,4bz7uB4edifWKJXSDxwHcs,81
71325,4cR4nao0hqqBtklQmGVqbe,52
71395,4cj43JzCAg1cHFvHy5TJuW,97
71422,4cqiLvFRDuV8ClE61eMmZx,11
71755,4e3QW45iOnnFUb8DjjXhE3,57
71756,4e3QW45iOnnFUb8DjjXhE3,58
71815,4eGAu3y6FULGfM8nlgQWop,90
71816,4eGAu3y6FULGfM8nlgQWop,91
71857,4eNFKsG45HSE7HP9v2NOW3,102
71957,4ejQlM2w2X2AJqWYcMyNVm,6
72115,4fRUwxL1tLYQViPssf6eYp,83
72124,4fRzYHQgupApAZg4zCYQvD,102
72162,4faDlXyZMSxEuxBdd5gDIz,4
72163,4faDlXyZMSxEuxBdd5gDIz,120
72199,4fjprVQCBGaOVKahwHEHrB,12
72200,4fjprVQCBGaOVKahwHEHrB,13
72345,4gM814NneKElxn37F5Ht7G,53
72410,4gcTWm58MmrRDhPjyLZRIj,41
72411,4gcTWm58MmrRDhPjyLZRIj,87
72412,4gcTWm58MmrRDhPjyLZRIj,7
72703,4hrAKlxfblnG7llBEEX7TR,99
72989,4j4Jc3xTEOAPRd9GuH1CsX,112
73068,4jKod1DGOTaRTe4r498AEW,37
73164,4jeV7Au08Ig1ol6vLDlMZU,99
73165,4jeV7Au08Ig1ol6vLDlMZU,106
73166,4jeV7Au08Ig1ol6vLDlMZU,7
73280,4k8XDEK1qII67HXtOpcl0G,108
73305,4kEzw2gtpxUBfgmhTEwIuE,2
73354,4kOfxxnW1ukZdsNbCKY9br,65
73422,4kd8NJrrfzzPvarSre2yAu,86
73435,4kflXMtDdukfphfpvp1708,6
73436,4kflXMtDdukfphfpvp1708,7
73975,4n5JzES2KpFfBNPwvjuawI,64
73992,4nBqoYvDFhmRqZgBuwRAOi,111
74320,4oa14QBfWRDfJy2agySy0L,52
74569,4peaqzjjKneykCpVp18S5t,24
74684,4qCYYhzI5bCz7JxV7VD4HH,111
74734,4qNt7aKMYGvRjLqms8eW7p,54
74825,4qjCPbyCkFsEwHaZu1m6EO,14
75023,4rQSLX4qMiUWL81hEQOuPY,89
75024,4rQSLX4qMiUWL81hEQOuPY,67
75041,4rUQPct3yT97OXelj85R5Q,74
75496,4t9cpYT8AD3G2TGwSRQVDK,36
75980,4vD9Wlh2VV52kFjt5rtHFz,36
76115,4vh6Rn6FVG4w79JmlZ5p7d,113
76219,4w3tQBXhn5345eUXDGBWZG,89
76791,4yJMYcNQNJ6J1Mso8D39qf,5
76937,4ytI4n1wSNn5M8ER6JVXa5,109
76939,4yu1RiBHMtza6kPaZSKSYo,83
77171,4zzi2eD2cEPpQ3a307mPPj,52
77603,51mkxlKoGL1bAj8uR2gE7d,94
77739,52J3WARiRHMtXbFXUWrVgu,52
77832,52f5RgyEM4cfaPMeh1VbWo,89
78712,56F0unhysx1UXxboONkgd9,113
79767,5Af9gYtsjipq5on2JgbGmm,82
79933,5BKKy9fIJL5uM9fz1SnqyP,7
79937,5BKnhKLu8MUOLSL40nfC3X,59
79938,5BKnhKLu8MUOLSL40nfC3X,60
80235,5CeJEAymOXlcuTMeV0tGW8,104
80368,5D8kHGzGs3UXCipHyxZplO,103
80549,5DhcUBjJbFk2crXo2CgiKO,104
80936,5FPnjikbwlDMULCCCa6ZCJ,57
80937,5FPnjikbwlDMULCCCa6ZCJ,58
81119,5G1sTBGbZT5o4PNRc75RKI,38
81120,5G1sTBGbZT5o4PNRc75RKI,115
81121,5G1sTBGbZT5o4PNRc75RKI,63
81122,5G1sTBGbZT5o4PNRc75RKI,8
81314,5GorCbAP4aL0EJ16frG2hd,63
81691,5I8uxn5rQ90r6ZiXzRx0l9,57
81692,5I8uxn5rQ90r6ZiXzRx0l9,58
82046,5JRcDiHOMtl30Bhm8glskp,103
82047,5JRcDiHOMtl30Bhm8glskp,55
82275,5KJaEu2ZMIt9FMvofqUgmg,94
82276,5KJaEu2ZMIt9FMvofqUgmg,120
82372,5KghnAajixZATYQOA4xNdi,45
82428,5KqldkCunQ2rWxruMEtGh0,89
82501,5L3VoLOjwPv7hPknnmYaeT,6
82549,5LI5DHVYrtMKJQaedaUhTS,25
82719,5M5IB1cNzJqbWFEUK4a1MD,94
82833,5Mf84BbHYdrewDABZOH5H6,81
83110,5NtishSRrPOOySdQ1fAgl1,2
83120,5NvNo6iJw4lZhjPGYlWnMw,38
83121,5NvNo6iJw4lZhjPGYlWnMw,77
83122,5NvNo6iJw4lZhjPGYlWnMw,107
83123,5NvNo6iJw4lZhjPGYlWnMw,96
83441,5PB3Xm10vd8b4b7pxzClWc,111
83721,5QHRON3xuXFOWlXeZU4oVF,119
83722,5QHRON3xuXFOWlXeZU4oVF,94
83723,5QHRON3xuXFOWlXeZU4oVF,1
83724,5QHRON3xuXFOWlXeZU4oVF,108
83725,5QHRON3xuXFOWlXeZU4oVF,116
83942,5R5atr84EbHUbeBFMd89A2,6
84125,5RjUtRlDonw3TBgGGMLC5b,50
84237,5SFTZsHW3HdCp9f1zbzitS,18
84553,5TXDeTFVRVY7Cvt0Dw4vWW,18
84681,5TyCTVsBsHeeutZcU2uP5s,50
84879,5UkM8D1WUBLvnXGRwt2lXI,104
84880,5UkM8D1WUBLvnXGRwt2lXI,25
85461,5XCtjnFMKtCT7ycDwV3Kdh,26
85582,5XfNHn4xs084rmy8Tzz1cz,104
85598,5Xk9S2AxytNejHXIXQncrR,96
85689,5Y3KCJ2J34Y3nHeNDCxfSI,14
86375,5acSb48zFAcXTdL5Wsk8xx,119
86376,5acSb48zFAcXTdL5Wsk8xx,94
86377,5acSb48zFAcXTdL5Wsk8xx,108
86732,5c6lM2zjAF6MFoD8C1hiBr,92
86742,5cAUbhZcGKn666AZ9oO3RO,33
86767,5cJJdUtacwBrphoMjh3tKG,92
86768,5cJJdUtacwBrphoMjh3tKG,35
86769,5cJJdUtacwBrphoMjh3tKG,87
86770,5cJJdUtacwBrphoMjh3tKG,88
87079,5dUMh0ugelpKfoFp3qChuK,38
87080,5dUMh0ugelpKfoFp3qChuK,33
87081,5dUMh0ugelpKfoFp3qChuK,77
87082,5dUMh0ugelpKfoFp3qChuK,7
87131,5djmFvrnR30Tj9Yyj8tOQQ,4
87319,5eSVftEHhe9oWK3POAsoeu,55
87470,5f1qCD8JhSU1frlTwk6hHW,103
87471,5f1qCD8JhSU1frlTwk6hHW,55
87638,5fdNHVZHbWB1AaXk4RBGVD,33
87694,5fnndSCNEnRYozMDZr0gbU,25
87962,5gev1cjS7Y3QrOG4ls2nFi,23
88232,5hkZyWkafKoQW4eGwaJWFF,25
88405,5iVgRNeNZI1XKdbJMhRiCK,24
88407,5iW6TzNki53X1zwMsYgops,102
88856,5kBC3lWxOG0393nUcK6lmX,14
89775,5nnfso5MO99iNnxvNBR5Bs,104
89802,5nsFJfYtAFZmL9PbtYKYcA,57
89803,5nsFJfYtAFZmL9PbtYKYcA,58
90069,5oxioZhKHdASa1PZM65kYT,2
90420,5qCpcgqwL1Hum85sAQz3W7,103
90421,5qCpcgqwL1Hum85sAQz3W7,55
90644,5r2PGWAJvLHdMXxjZJ1m1H,111
90665,5r7CAzBvLfBstuZnhnh24M,35
90697,5rHOjo1bvjdUYH9ViGclLH,89
90749,5rZCbYSbQ98GZk0eBqmEKq,83
90850,5s3XtrhzIKNZaiFpt7Gp5W,14
90918,5sJiLlgQKBL81QCTOkoLB5,62
91238,5tcZPB2Cyj3FdB5nQW2Gog,12
91239,5tcZPB2Cyj3FdB5nQW2Gog,13
91240,5tcZPB2Cyj3FdB5nQW2Gog,23
91296,5toFHcmv9XVQsOKbjlUZWY,89
91525,5ucyKDPjLpYLGadsRO1wSB,112
91730,5vOVMNYDam6F6jtemqnNX2,68
91731,5vOVMNYDam6F6jtemqnNX2,117
91732,5vOVMNYDam6F6jtemqnNX2,33
91733,5vOVMNYDam6F6jtemqnNX2,73
91734,5vOVMNYDam6F6jtemqnNX2,93
91752,5vUVe1o9MvB6161zjXlMxc,90
91753,5vUVe1o9MvB6161zjXlMxc,91
91914,5w9o8SPAR4MHyIqDBl8ux6,89
92067,5wrK2HD3bBdTdkCj4lgnRb,92
92068,5wrK2HD3bBdTdkCj4lgnRb,31
92382,5y2cZBC8Mq4TQp2I6Vo0ne,97
92383,5y2cZBC8Mq4TQp2I6Vo0ne,32
92579,5yr3x2a1Qoz3cECLhuAbqa,43
92977,60RuroekTM1lWgFp2VIzdm,45
92978,60S0LkuUyzHzX29KWew1a6,52
93108,60wwxj6Dd9NJlirf84wr2c,119
93109,60wwxj6Dd9NJlirf84wr2c,94
93110,60wwxj6Dd9NJlirf84wr2c,1
93111,60wwxj6Dd9NJlirf84wr2c,108
93112,60wwxj6Dd9NJlirf84wr2c,116
93132,6126lbKcz91f4wgSwBF0vG,102
93454,62XZ7yQ1unC3jGGUK3HAJp,89
93660,63FdlZpB78PwdeH29U7aTd,43
93814,63kd4m3VFxcJjPVVtbVNAu,33
93909,648TTtYB0bH0P8Hfy0FmkL,33
93935,64Eug7tFE4KWJNQUE73BGe,95
93977,64Pt9sepmLXTnc0eZBDEha,119
94176,65P8KmStYrVUPlchXH2CH8,15
94177,65P8KmStYrVUPlchXH2CH8,45
94388,66HnStZWn2gkmrOeaiwUu8,36
94616,67D4E7jOf6ibhDnryHhjp6,59
94617,67D4E7jOf6ibhDnryHhjp6,60
95760,6BrPfRDcZHJn3RHm55nqyf,44
96072,6DBdYfd4EkR6cUPSqtEwhQ,94
96073,6DBdYfd4EkR6cUPSqtEwhQ,120
96085,6DCZcSspjsKoFjzjrWoCdn,4
96178,6DZkSVWQMDE97W1cGB3oPk,112
96366,6ECA4muVp3hMB6jSYQNohb,31
96367,6ECA4muVp3hMB6jSYQNohb,33
96914,6GUq9y0Iy5QrAuPYxTrFp2,1
96979,6GmhqGy1701ajXJY4ob5WF,10
97125,6HMvJcdw6qLsyV1b5x29sa,65
97277,6Hu6dzwlvoyg3zBUC8k4BK,65
97359,6IA4ksaymdlYSdf3AoiWQb,26
97429,6IQCmIGaOxzjNNcwScETVD,51
97470,6IWxHgVbdKyUMydhVGXRaT,100
97471,6IWxHgVbdKyUMydhVGXRaT,101
97587,6IwKcFdiRQZOWeYNhUiWIv,7
97649,6JBX1drGsMrTE8JrAYYoou,8
97724,6JQg4pXTuNTOEMJVRGKhwy,112
97913,6KL88T4Ma4ABXqzgUoEwkd,77
97914,6KL88T4Ma4ABXqzgUoEwkd,17
98669,6NJOOWpT5g3Y46G2qtRejH,83
98670,6NJOOWpT5g3Y46G2qtRejH,119
98671,6NJOOWpT5g3Y46G2qtRejH,108
98672,6NJOOWpT5g3Y46G2qtRejH,86
98873,6O5spqMgOR3Hk20NHCAPpC,18
98874,6O5spqMgOR3Hk20NHCAPpC,63
99064,6OtCIsQZ64Vs1EbzztvAv4,77
99085,6OzRF5Oqmsb1Ec1sMKY4g7,103
99086,6OzRF5Oqmsb1Ec1sMKY4g7,55
99748,6RbR5roCYCol0oQw4oUxU7,89
99774,6RjDvJCnxjAOOEQ5TiqKLU,103
99775,6RjDvJCnxjAOOEQ5TiqKLU,55
100287,6TeB7j56k4AbELOl3G4zfj,109
100593,6Up545NUflOiXo8cEraH49,15
100594,6Up545NUflOiXo8cEraH49,16
100758,6VObnIkLVruX4UVyxWhlqm,99
100759,6VObnIkLVruX4UVyxWhlqm,7
101145,6WvJSQYUkmktUjfsY2sPDk,18
101208,6X7pjnNm5dHSUot6hp3KFU,120
101589,6Yc3tjFCVR2bfAQFRTZBef,50
101964,6aKfcKMefIPVzclCG6QSHX,45
101965,6aKfcKMefIPVzclCG6QSHX,42
102045,6ajWbqOQ8t0rQx8fHB8aal,46
102636,6d7Jz2np6jtNaZv1DiWfJs,96
102749,6dWxyTewMjC84vhto1881v,83
102874,6e2lt5O6aOUGQ8BWSo0gNr,52
102937,6eLL7QTdMWdhhG4i3jHDR9,96
102980,6eWeTcpAu5F68IQf2xWTU3,89
103027,6ekLy1OsrYdLMbcqc0KZ8G,81
103028,6ekLy1OsrYdLMbcqc0KZ8G,1
103029,6ekLy1OsrYdLMbcqc0KZ8G,3
103030,6ekLy1OsrYdLMbcqc0KZ8G,116
103186,6fO02CJizDEEvSXYo0s7Pa,90
103187,6fO02CJizDEEvSXYo0s7Pa,91
103704,6heynKdZXxOPe4sC6xOpQo,31
103705,6heynKdZXxOPe4sC6xOpQo,32
103790,6hypt8VPJxeMXTTcRUHS86,15
103791,6hypt8VPJxeMXTTcRUHS86,16
104024,6iqo0fuep9lT3SKLATVDdp,62
104610,6l5O6RzzSuCnwTjy9KQrdm,104
104611,6l5O6RzzSuCnwTjy9KQrdm,81
104612,6l5O6RzzSuCnwTjy9KQrdm,3
104773,6lknMmJZALXxx7emwwZWLX,83
104838,6m3Rrv81DPaSPw4azvVUid,54
105107,6n6zJJFmKJ1DoKq2eMCbEb,15
105108,6n6zJJFmKJ1DoKq2eMCbEb,45
105221,6nbEAEwMMTMFkifxQQPovY,121
105365,6oJ6le65B3SEqPwMRNXWjY,119
105462,6ocbgoVGwYJhOv1GgI9NsF,83
105463,6ocbgoVGwYJhOv1GgI9NsF,120
105609,6p8uRRGziFLcA3QDvWxEPM,51
106035,6qnULXVFGfFqPj0Hpj0tIG,65
106036,6qnULXVFGfFqPj0Hpj0tIG,51
106136,6r8OnTtDrhKBIIYgzxrnZ1,52
106171,6rHJao2szlpRaFS2rg2NbV,95
106265,6rfDtM5aHbsaLGAUxfIgpN,89
106429,6sQmvjsV3CaxaWW4p8gvn0,10
106849,6uBhi9gBXWjanegOb2Phh0,83
106850,6uBhi9gBXWjanegOb2Phh0,119
106851,6uBhi9gBXWjanegOb2Phh0,94
106852,6uBhi9gBXWjanegOb2Phh0,1
106853,6uBhi9gBXWjanegOb2Phh0,108
106854,6uBhi9gBXWjanegOb2Phh0,116
107365,6w2q9iV3oJAjcN8cPKNT4a,27
107417,6wGMLoEqD2k3RBXFHD0yUp,37
107535,6wmcfutQy5xHQFJoyhF3ib,12
107536,6wmcfutQy5xHQFJoyhF3ib,13
107685,6xQVup4QTMbLsumB0q2WiQ,115
108029,6yyMx2bMYGS9jVfqc6G5Ay,64
108192,6zYsGB0XlAAsHIm7uSgt0J,109
108293,6zyDXm2DMaWbxguJpWqudR,94
108886,72H6a9rO7PrY5CFfe7TIKF,59
108887,72H6a9rO7PrY5CFfe7TIKF,60
109948,76Je5Wklky23mVoxiRszcN,45
109949,76Je5Wklky23mVoxiRszcN,42
110200,77WO0JSWRfhu0ek3Zp2amk,109
110213,77YKoNCjP5hWqiXMRG2839,45
110568,78vpAeb6a3bD03scfv71Z8,45
110697,79Vz5MNH7Qe4F7hPKT8tPz,86
110757,79nJj5dMyTsUzKvN5jUXsJ,38
110758,79nJj5dMyTsUzKvN5jUXsJ,77
111083,7AvznBJ8YXUMZ8rPTukUAJ,4
111087,7Ay1JeXkSBpZRMB6dYHc3k,103
111088,7Ay1JeXkSBpZRMB6dYHc3k,55
111293,7BqBn9nzAq8spo5e7cZ0dJ,83
111302,7BsxlNsLgCMBNZ9CmAcbfv,52
111543,7CpeDdqQP8iZc7cEC3eaLz,18
111544,7CpeDdqQP8iZc7cEC3eaLz,19
111635,7DCiOOtP3baRrHoSzlkNuj,65
111636,7DCiOOtP3baRrHoSzlkNuj,41
111637,7DCiOOtP3baRrHoSzlkNuj,7
111836,7E8osPOfj1L5OjlMCFC3aD,96
111905,7EUnYSsHzHMgAg6pLmAYfx,43
112016,7Ewz6bJ97vUqk5HdkvguFQ,17
112017,7Ewz6bJ97vUqk5HdkvguFQ,57
112018,7Ewz6bJ97vUqk5HdkvguFQ,58
112347,7GAaTpSoTWUTbP2Yxlt4Hd,89
112484,7Gk5Fhjn6vmUXzCtdS1HiK,20
112485,7Gk5Fhjn6vmUXzCtdS1HiK,21
112486,7GkCm4wRDhB0WhyOovlLfm,119
112487,7GkCm4wRDhB0WhyOovlLfm,94
112488,7GkCm4wRDhB0WhyOovlLfm,108
112963,7ImaCF0ttRFNoQIErYlRq5,52
113065,7JHZD300yNthGgRqvdA0Hy,84
113258,7K36drJq6lInkW6Kkojucp,52
113352,7KPTwEENcZ5r4KJ6FHmhLP,45
113391,7KXjTSCq5nL1LoYtL7XAwS,4
113709,7LgyKYscgD7wkzsLRRTTpd,89
113730,7LmSHOk78FKRQIP6IS6uxa,56
114313,7azo4rpSUh8nXgtonC6Pkq,7
114315,7b0z457p1ONEEAuWRws0vS,83
114317,7b1JFWEOfZtN9HGCzvBOir,83
114318,7b1JFWEOfZtN9HGCzvBOir,119
114319,7b1JFWEOfZtN9HGCzvBOir,94
114320,7b1JFWEOfZtN9HGCzvBOir,108
114321,7b1JFWEOfZtN9HGCzvBOir,51
114418,7bQBXiL4dGxZNN6lLSjgP6,14
114685,7cRXuKrYYZRHmRibV2qD6C,102
114738,7cZlFUJO4BjedIErzdP6iq,6
114739,7cZlFUJO4BjedIErzdP6iq,19
114742,7caj6X6NMX3tlhWnu1du6V,106
114743,7caj6X6NMX3tlhWnu1du6V,107
114744,7caj6X6NMX3tlhWnu1du6V,96
115040,7dfl9X38RhIvB3oSmmneq3,106
115062,7dlCAK8HdnI6UGHqZkfvJT,26
115252,7eTDwpm5XKKssoMhMbo67y,54
115347,7elWHQx6ONpP4sENVU5c97,14
115487,7fSqV7QeQSZaihS4X5O78n,41
115488,7fSqV7QeQSZaihS4X5O78n,87
115489,7fSqV7QeQSZaihS4X5O78n,7
115537,7fcfNW0XxTWlwVlftzfDOR,15
115538,7fcfNW0XxTWlwVlftzfDOR,105
115539,7fcfNW0XxTWlwVlftzfDOR,27
115540,7fcfNW0XxTWlwVlftzfDOR,42
115777,7gb8Psi5Mf6w78jvnAxh5F,12
115778,7gb8Psi5Mf6w78jvnAxh5F,13
116111,7hzfrKYkRfPUIiagwhBtZS,27
116139,7i43GnAYDOIKqmWvwBEfAA,90
116140,7i43GnAYDOIKqmWvwBEfAA,91
116314,7im82Ki0wDa210H4cgnzZg,96
116525,7jkbE3Gxpqp58m4bn5FWu7,89
116811,7kt1SqYH3VbBXv6OCwZdQY,71
117037,7lozyelzonSChypzS5dPPb,64
117424,7nMYIdyLvE97RYqvmMVwJX,77
117514,7nkp1uuSbKkoxMvEs8cSw0,50
117966,7pYVIpuFrH2cDMseplG8Jn,2
118141,7qEHsqek33rTcFNT9PFqLf,120
118212,7qRmdDl9dnHkFT4MMboG7Y,115
118341,7qwt4xUIqQWCu1DJf96g2k,88
118401,7rIovIsXE6kMn629b7kDig,65
118644,7sJDqzrY07xysc49QNsiPA,12
118645,7sJDqzrY07xysc49QNsiPA,13
118741,7sbXOV5vynnaeB7KGy0kZ5,57
118742,7sbXOV5vynnaeB7KGy0kZ5,58
119234,7udnV9JWzRV2m2LWE5GsjW,68
119235,7udnV9JWzRV2m2LWE5GsjW,41
119257,7ujY3rsQDYlkyhAu4OhE3V,62
119265,7uki3SHvd09GpX4Fbq95Ui,31
119266,7uki3SHvd09GpX4Fbq95Ui,33
119797,7wnQTnZe2Q0O0WdKmODS50,33
120003,7xoDqnyrBDgusvQ1AHoOSx,92
120166,7yUukIX492jvLR85xYQkvc,54
120204,7yfhESjiagb2x1WEWlgpbb,119
120251,7yss3y4G3zjtufzx8adHMb,41
120252,7yss3y4G3zjtufzx8adHMb,87
